"emp_id","attendance_id","attendance_date","time_in","time_out","late_minutes","undertime_minutes","production_hours","status","absent_reason"
67001515,573243795,"2026-03-02",NULL,NULL,0,0,"0.00","Absent","Vacation Leave"
67001515,574606100,"2026-03-03","07:50:00","17:00:00",0,0,"7.50","Present",NULL
67001515,572702069,"2026-03-04","08:00:00","17:00:00",0,0,"7.50","Present",NULL
67001515,572150416,"2026-03-05","07:43:00","17:00:00",0,0,"7.50","Present",NULL
67001515,579415751,"2026-03-06","07:57:00","17:00:00",0,0,"7.50","Present",NULL
67001515,571791974,"2026-03-09",NULL,NULL,0,0,"0.00","Absent","No Call, No Show"
67001515,572573577,"2026-03-10",NULL,NULL,0,0,"0.00","Absent","Emergency Leave"
67001515,574285297,"2026-03-11","07:57:00","17:00:00",0,0,"7.50","Present",NULL
67001515,576908200,"2026-03-12","07:52:00","17:00:00",0,0,"7.50","Present",NULL
67001515,573220720,"2026-03-13","07:40:00","17:00:00",0,0,"7.50","Present",NULL
67001515,579198654,"2026-03-16","08:27:00","17:00:00",26,0,"7.05","Late",NULL
67001515,574743270,"2026-03-17","07:52:00","17:00:00",0,0,"7.50","Present",NULL
67001515,577589045,"2026-03-18","08:41:00","17:00:00",40,0,"6.82","Late",NULL
67001515,570326213,"2026-03-19","07:58:00","17:00:00",0,0,"7.50","Present",NULL
67001515,572123032,"2026-03-23","07:41:00","17:00:00",0,0,"7.50","Present",NULL
67001515,579771204,"2026-03-24","08:31:00","17:00:00",30,0,"6.98","Late",NULL
67001515,570582903,"2026-03-25","07:50:00","17:00:00",0,0,"7.50","Present",NULL
67001515,578156385,"2026-03-26","07:49:00","17:00:00",0,0,"7.50","Present",NULL
67001515,577420267,"2026-03-27","08:01:00","17:00:00",0,0,"7.48","Present",NULL
67001515,570705906,"2026-03-30","07:55:00","17:00:00",0,0,"7.50","Present",NULL
67001515,571771721,"2026-03-31","07:54:00","17:00:00",0,0,"7.50","Present",NULL
67001701,572096306,"2026-03-02","09:00:00","17:00:00",59,0,"6.50","Late",NULL
67001701,571433783,"2026-03-03","07:47:00","17:00:00",0,0,"7.50","Present",NULL
67001701,575471417,"2026-03-04","07:57:00","17:00:00",0,0,"7.50","Present",NULL
67001701,579994780,"2026-03-05","08:01:00","17:00:00",0,0,"7.48","Present",NULL
67001701,576948038,"2026-03-06","07:51:00","17:00:00",0,0,"7.50","Present",NULL
67001701,574316157,"2026-03-09","07:59:00","17:00:00",0,0,"7.50","Present",NULL
67001701,575420850,"2026-03-10","08:01:00","17:00:00",0,0,"7.48","Present",NULL
67001701,572477495,"2026-03-11","07:54:00","17:00:00",0,0,"7.50","Present",NULL
67001701,572040970,"2026-03-12","07:49:00","17:00:00",0,0,"7.50","Present",NULL
67001701,579014493,"2026-03-13","07:54:00","17:00:00",0,0,"7.50","Present",NULL
67001701,571039591,"2026-03-16",NULL,NULL,0,0,"0.00","Absent","Vacation Leave"
67001701,579335122,"2026-03-17","07:49:00","17:00:00",0,0,"7.50","Present",NULL
67001701,573754176,"2026-03-18","08:01:00","17:00:00",0,0,"7.48","Present",NULL
67001701,574638560,"2026-03-19",NULL,NULL,0,0,"0.00","Absent","Emergency Leave"
67001701,574831174,"2026-03-23",NULL,NULL,0,0,"0.00","Absent","Vacation Leave"
67001701,575349051,"2026-03-24","08:01:00","17:00:00",0,0,"7.48","Present",NULL
67001701,572629340,"2026-03-25","08:00:00","17:00:00",0,0,"7.50","Present",NULL
67001701,572395522,"2026-03-26","07:50:00","17:00:00",0,0,"7.50","Present",NULL
67001701,575107724,"2026-03-27","07:58:00","17:00:00",0,0,"7.50","Present",NULL
67001701,571164529,"2026-03-30","07:42:00","17:00:00",0,0,"7.50","Present",NULL
67001701,574170012,"2026-03-31","08:08:00","17:00:00",7,0,"7.37","Late",NULL
67001441,571279412,"2026-03-02","07:47:00","17:00:00",0,0,"7.50","Present",NULL
67001441,579731208,"2026-03-03","07:51:00","17:00:00",0,0,"7.50","Present",NULL
67001441,573273690,"2026-03-04","07:54:00","17:00:00",0,0,"7.50","Present",NULL
67001441,574887077,"2026-03-05","08:47:00","17:00:00",46,0,"6.72","Late",NULL
67001441,575095424,"2026-03-06","07:49:00","17:00:00",0,0,"7.50","Present",NULL
67001441,574519508,"2026-03-09","08:01:00","17:00:00",0,0,"7.48","Present",NULL
67001441,576892115,"2026-03-10","07:56:00","17:00:00",0,0,"7.50","Present",NULL
67001441,573703899,"2026-03-11","07:54:00","17:00:00",0,0,"7.50","Present",NULL
67001441,571920869,"2026-03-12",NULL,NULL,0,0,"0.00","Absent","Emergency Leave"
67001441,574620047,"2026-03-13","07:44:00","17:00:00",0,0,"7.50","Present",NULL
67001441,574567101,"2026-03-16",NULL,NULL,0,0,"0.00","Absent","Vacation Leave"
67001441,578034246,"2026-03-17","07:51:00","17:00:00",0,0,"7.50","Present",NULL
67001441,578924228,"2026-03-18","07:47:00","17:00:00",0,0,"7.50","Present",NULL
67001441,573486225,"2026-03-19","07:58:00","17:00:00",0,0,"7.50","Present",NULL
67001441,573528570,"2026-03-23","08:36:00","17:00:00",35,0,"6.90","Late",NULL
67001441,571199811,"2026-03-24","07:42:00","17:00:00",0,0,"7.50","Present",NULL
67001441,575433773,"2026-03-25","07:59:00","17:00:00",0,0,"7.50","Present",NULL
67001441,578687832,"2026-03-26","07:42:00","17:00:00",0,0,"7.50","Present",NULL
67001441,574672087,"2026-03-27",NULL,NULL,0,0,"0.00","Absent","Emergency Leave"
67001441,577150495,"2026-03-30","08:01:00","17:00:00",0,0,"7.48","Present",NULL
67001441,576852736,"2026-03-31","08:08:00","17:00:00",7,0,"7.37","Late",NULL
67001199,570072893,"2026-03-02","07:40:00","17:00:00",0,0,"7.50","Present",NULL
67001199,578361751,"2026-03-03","08:01:00","17:00:00",0,0,"7.48","Present",NULL
67001199,578338515,"2026-03-04","07:46:00","17:00:00",0,0,"7.50","Present",NULL
67001199,570843980,"2026-03-05","08:29:00","17:00:00",28,0,"7.02","Late",NULL
67001199,578923651,"2026-03-06","08:01:00","17:00:00",0,0,"7.48","Present",NULL
67001199,579915907,"2026-03-09",NULL,NULL,0,0,"0.00","Absent","Emergency Leave"
67001199,573215468,"2026-03-10","07:57:00","17:00:00",0,0,"7.50","Present",NULL
67001199,574681184,"2026-03-11","07:40:00","17:00:00",0,0,"7.50","Present",NULL
67001199,574668161,"2026-03-12","07:44:00","17:00:00",0,0,"7.50","Present",NULL
67001199,575990528,"2026-03-13","08:01:00","17:00:00",0,0,"7.48","Present",NULL
67001199,570950048,"2026-03-16","07:42:00","17:00:00",0,0,"7.50","Present",NULL
67001199,576446085,"2026-03-17","07:42:00","17:00:00",0,0,"7.50","Present",NULL
67001199,577243474,"2026-03-18","08:31:00","17:00:00",30,0,"6.98","Late",NULL
67001199,573115383,"2026-03-19",NULL,NULL,0,0,"0.00","Absent","Vacation Leave"
67001199,573666794,"2026-03-23","07:50:00","17:00:00",0,0,"7.50","Present",NULL
67001199,575064844,"2026-03-24","07:50:00","17:00:00",0,0,"7.50","Present",NULL
67001199,573389186,"2026-03-25","07:48:00","17:00:00",0,0,"7.50","Present",NULL
67001199,571801888,"2026-03-26","07:54:00","17:00:00",0,0,"7.50","Present",NULL
67001199,576459772,"2026-03-27","07:42:00","17:00:00",0,0,"7.50","Present",NULL
67001199,574031256,"2026-03-30","08:56:00","17:00:00",55,0,"6.57","Late",NULL
67001199,575583151,"2026-03-31","07:46:00","17:00:00",0,0,"7.50","Present",NULL
67001474,571351059,"2026-03-02","08:21:00","17:00:00",20,0,"7.15","Late",NULL
67001474,579486456,"2026-03-03","08:01:00","17:00:00",0,0,"7.48","Present",NULL
67001474,578359187,"2026-03-04","07:44:00","17:00:00",0,0,"7.50","Present",NULL
67001474,572143336,"2026-03-05","07:58:00","17:00:00",0,0,"7.50","Present",NULL
67001474,574393180,"2026-03-06","07:48:00","17:00:00",0,0,"7.50","Present",NULL
67001474,572751557,"2026-03-09","07:56:00","17:00:00",0,0,"7.50","Present",NULL
67001474,578223881,"2026-03-10","07:40:00","17:00:00",0,0,"7.50","Present",NULL
67001474,570004785,"2026-03-11","07:41:00","17:00:00",0,0,"7.50","Present",NULL
67001474,570231970,"2026-03-12","07:49:00","17:00:00",0,0,"7.50","Present",NULL
67001474,571962787,"2026-03-13","08:01:00","17:00:00",0,0,"7.48","Present",NULL
67001474,572184873,"2026-03-16","07:46:00","17:00:00",0,0,"7.50","Present",NULL
67001474,576173627,"2026-03-17","07:50:00","17:00:00",0,0,"7.50","Present",NULL
67001474,573211514,"2026-03-18","08:12:00","17:00:00",11,0,"7.30","Late",NULL
67001474,572741569,"2026-03-19","07:52:00","17:00:00",0,0,"7.50","Present",NULL
67001474,577490269,"2026-03-23","07:57:00","17:00:00",0,0,"7.50","Present",NULL
67001474,570108056,"2026-03-24","07:41:00","17:00:00",0,0,"7.50","Present",NULL
67001474,572501644,"2026-03-25","07:41:00","17:00:00",0,0,"7.50","Present",NULL
67001474,571481063,"2026-03-26","07:45:00","17:00:00",0,0,"7.50","Present",NULL
67001474,574429204,"2026-03-27","08:31:00","17:00:00",30,0,"6.98","Late",NULL
67001474,572976503,"2026-03-30","07:53:00","17:00:00",0,0,"7.50","Present",NULL
67001474,577946199,"2026-03-31","08:15:00","17:00:00",14,0,"7.25","Late",NULL
67001211,572196419,"2026-03-02","07:54:00","17:00:00",0,0,"7.50","Present",NULL
67001211,577060478,"2026-03-03","07:40:00","17:00:00",0,0,"7.50","Present",NULL
67001211,572158387,"2026-03-04","08:00:00","17:00:00",0,0,"7.50","Present",NULL
67001211,577041694,"2026-03-05","07:59:00","17:00:00",0,0,"7.50","Present",NULL
67001211,578325316,"2026-03-06","07:58:00","17:00:00",0,0,"7.50","Present",NULL
67001211,573148194,"2026-03-09","07:43:00","17:00:00",0,0,"7.50","Present",NULL
67001211,571218829,"2026-03-10","08:18:00","17:00:00",17,0,"7.20","Late",NULL
67001211,576220662,"2026-03-11","08:01:00","17:00:00",0,0,"7.48","Present",NULL
67001211,571222763,"2026-03-12","07:54:00","17:00:00",0,0,"7.50","Present",NULL
67001211,578789333,"2026-03-13","07:40:00","17:00:00",0,0,"7.50","Present",NULL
67001211,571388498,"2026-03-16",NULL,NULL,0,0,"0.00","Absent","Sick Leave"
67001211,571464498,"2026-03-17","08:18:00","17:00:00",17,0,"7.20","Late",NULL
67001211,577688155,"2026-03-18","07:58:00","17:00:00",0,0,"7.50","Present",NULL
67001211,574706701,"2026-03-19",NULL,NULL,0,0,"0.00","Absent","No Call, No Show"
67001211,579994050,"2026-03-23","07:45:00","17:00:00",0,0,"7.50","Present",NULL
67001211,572452679,"2026-03-24","07:45:00","17:00:00",0,0,"7.50","Present",NULL
67001211,570536742,"2026-03-25","07:53:00","17:00:00",0,0,"7.50","Present",NULL
67001211,577192372,"2026-03-26","08:22:00","17:00:00",21,0,"7.13","Late",NULL
67001211,579407346,"2026-03-27","07:53:00","17:00:00",0,0,"7.50","Present",NULL
67001211,573413376,"2026-03-30","07:55:00","17:00:00",0,0,"7.50","Present",NULL
67001211,577899393,"2026-03-31","07:56:00","17:00:00",0,0,"7.50","Present",NULL
67001579,579975172,"2026-03-02","07:52:00","17:00:00",0,0,"7.50","Present",NULL
67001579,576744310,"2026-03-03","07:44:00","17:00:00",0,0,"7.50","Present",NULL
67001579,570789051,"2026-03-04","07:50:00","17:00:00",0,0,"7.50","Present",NULL
67001579,578071752,"2026-03-05","07:59:00","17:00:00",0,0,"7.50","Present",NULL
67001579,571412520,"2026-03-06","08:01:00","17:00:00",0,0,"7.48","Present",NULL
67001579,574535567,"2026-03-09","07:49:00","17:00:00",0,0,"7.50","Present",NULL
67001579,577499165,"2026-03-10","07:48:00","17:00:00",0,0,"7.50","Present",NULL
67001579,576708032,"2026-03-11","07:49:00","17:00:00",0,0,"7.50","Present",NULL
67001579,572605908,"2026-03-12",NULL,NULL,0,0,"0.00","Absent","Vacation Leave"
67001579,574642017,"2026-03-13","08:22:00","17:00:00",21,0,"7.13","Late",NULL
67001579,575285485,"2026-03-16","07:49:00","17:00:00",0,0,"7.50","Present",NULL
67001579,579591149,"2026-03-17","08:41:00","17:00:00",40,0,"6.82","Late",NULL
67001579,570503776,"2026-03-18","08:37:00","17:00:00",36,0,"6.88","Late",NULL
67001579,577401065,"2026-03-19",NULL,NULL,0,0,"0.00","Absent","No Call, No Show"
67001579,571525238,"2026-03-23","08:44:00","17:00:00",43,0,"6.77","Late",NULL
67001579,579217502,"2026-03-24",NULL,NULL,0,0,"0.00","Absent","No Call, No Show"
67001579,578851779,"2026-03-25","07:46:00","17:00:00",0,0,"7.50","Present",NULL
67001579,577853090,"2026-03-26","07:40:00","17:00:00",0,0,"7.50","Present",NULL
67001579,574923358,"2026-03-27","07:46:00","17:00:00",0,0,"7.50","Present",NULL
67001579,577511109,"2026-03-30","07:49:00","17:00:00",0,0,"7.50","Present",NULL
67001579,577091281,"2026-03-31","08:41:00","17:00:00",40,0,"6.82","Late",NULL
67001630,577274569,"2026-03-02","08:01:00","17:00:00",0,0,"7.48","Present",NULL
67001630,578466239,"2026-03-03","07:50:00","17:00:00",0,0,"7.50","Present",NULL
67001630,573449295,"2026-03-04",NULL,NULL,0,0,"0.00","Absent","Vacation Leave"
67001630,572860499,"2026-03-05",NULL,NULL,0,0,"0.00","Absent","Sick Leave"
67001630,576889414,"2026-03-06","07:41:00","17:00:00",0,0,"7.50","Present",NULL
67001630,579016383,"2026-03-09","07:55:00","17:00:00",0,0,"7.50","Present",NULL
67001630,572886651,"2026-03-10","07:51:00","17:00:00",0,0,"7.50","Present",NULL
67001630,576340285,"2026-03-11","08:00:00","17:00:00",0,0,"7.50","Present",NULL
67001630,572378288,"2026-03-12","07:52:00","17:00:00",0,0,"7.50","Present",NULL
67001630,574243465,"2026-03-13",NULL,NULL,0,0,"0.00","Absent","Emergency Leave"
67001630,579953397,"2026-03-16","07:54:00","17:00:00",0,0,"7.50","Present",NULL
67001630,572670640,"2026-03-17","08:04:00","17:00:00",3,0,"7.43","Late",NULL
67001630,576923342,"2026-03-18","07:42:00","17:00:00",0,0,"7.50","Present",NULL
67001630,576685772,"2026-03-19","07:43:00","17:00:00",0,0,"7.50","Present",NULL
67001630,570374683,"2026-03-23","08:00:00","17:00:00",0,0,"7.50","Present",NULL
67001630,570247862,"2026-03-24","07:44:00","17:00:00",0,0,"7.50","Present",NULL
67001630,576008913,"2026-03-25","07:54:00","17:00:00",0,0,"7.50","Present",NULL
67001630,575325471,"2026-03-26","07:48:00","17:00:00",0,0,"7.50","Present",NULL
67001630,579687312,"2026-03-27",NULL,NULL,0,0,"0.00","Absent","Sick Leave"
67001630,570272466,"2026-03-30","07:42:00","17:00:00",0,0,"7.50","Present",NULL
67001630,578892582,"2026-03-31","07:55:00","17:00:00",0,0,"7.50","Present",NULL
67001245,579787308,"2026-03-02","08:01:00","17:00:00",0,0,"7.48","Present",NULL
67001245,577133510,"2026-03-03",NULL,NULL,0,0,"0.00","Absent","Sick Leave"
67001245,574750469,"2026-03-04","07:58:00","17:00:00",0,0,"7.50","Present",NULL
67001245,571466502,"2026-03-05","07:48:00","17:00:00",0,0,"7.50","Present",NULL
67001245,573686900,"2026-03-06","08:24:00","17:00:00",23,0,"7.10","Late",NULL
67001245,572570581,"2026-03-09","07:42:00","17:00:00",0,0,"7.50","Present",NULL
67001245,572399716,"2026-03-10","07:45:00","17:00:00",0,0,"7.50","Present",NULL
67001245,577583095,"2026-03-11","07:45:00","17:00:00",0,0,"7.50","Present",NULL
67001245,578621576,"2026-03-12","07:50:00","17:00:00",0,0,"7.50","Present",NULL
67001245,577303486,"2026-03-13","08:01:00","17:00:00",0,0,"7.48","Present",NULL
67001245,575032897,"2026-03-16","07:41:00","17:00:00",0,0,"7.50","Present",NULL
67001245,570941411,"2026-03-17","08:35:00","17:00:00",34,0,"6.92","Late",NULL
67001245,577905273,"2026-03-18","07:54:00","17:00:00",0,0,"7.50","Present",NULL
67001245,579106716,"2026-03-19","08:12:00","17:00:00",11,0,"7.30","Late",NULL
67001245,575154817,"2026-03-23","07:47:00","17:00:00",0,0,"7.50","Present",NULL
67001245,579121300,"2026-03-24","08:40:00","17:00:00",39,0,"6.83","Late",NULL
67001245,571579544,"2026-03-25","07:45:00","17:00:00",0,0,"7.50","Present",NULL
67001245,575878821,"2026-03-26","07:43:00","17:00:00",0,0,"7.50","Present",NULL
67001245,576506921,"2026-03-27","08:01:00","17:00:00",0,0,"7.48","Present",NULL
67001245,579938489,"2026-03-30","08:17:00","17:00:00",16,0,"7.22","Late",NULL
67001245,571561050,"2026-03-31","07:44:00","17:00:00",0,0,"7.50","Present",NULL
67001798,576837596,"2026-03-02","07:57:00","17:00:00",0,0,"7.50","Present",NULL
67001798,573380750,"2026-03-03","07:46:00","17:00:00",0,0,"7.50","Present",NULL
67001798,577990633,"2026-03-04","07:45:00","17:00:00",0,0,"7.50","Present",NULL
67001798,575908574,"2026-03-05","08:39:00","17:00:00",38,0,"6.85","Late",NULL
67001798,578150887,"2026-03-06","07:40:00","17:00:00",0,0,"7.50","Present",NULL
67001798,570371687,"2026-03-09","07:58:00","17:00:00",0,0,"7.50","Present",NULL
67001798,572669947,"2026-03-10","07:41:00","17:00:00",0,0,"7.50","Present",NULL
67001798,573723977,"2026-03-11","07:42:00","17:00:00",0,0,"7.50","Present",NULL
67001798,573126157,"2026-03-12","07:48:00","17:00:00",0,0,"7.50","Present",NULL
67001798,571374351,"2026-03-13","07:57:00","17:00:00",0,0,"7.50","Present",NULL
67001798,578444135,"2026-03-16","07:55:00","17:00:00",0,0,"7.50","Present",NULL
67001798,576465596,"2026-03-17","08:46:00","17:00:00",45,0,"6.73","Late",NULL
67001798,575063735,"2026-03-18","07:59:00","17:00:00",0,0,"7.50","Present",NULL
67001798,576407331,"2026-03-19",NULL,NULL,0,0,"0.00","Absent","No Call, No Show"
67001798,575103808,"2026-03-23","07:45:00","17:00:00",0,0,"7.50","Present",NULL
67001798,574673038,"2026-03-24","08:01:00","17:00:00",0,0,"7.48","Present",NULL
67001798,579679894,"2026-03-25","08:00:00","17:00:00",0,0,"7.50","Present",NULL
67001798,576914652,"2026-03-26","08:01:00","17:00:00",0,0,"7.48","Present",NULL
67001798,572641156,"2026-03-27","08:01:00","17:00:00",0,0,"7.48","Present",NULL
67001798,576049574,"2026-03-30","08:01:00","17:00:00",0,0,"7.48","Present",NULL
67001798,579701986,"2026-03-31","07:56:00","17:00:00",0,0,"7.50","Present",NULL
67001144,573768308,"2026-03-02","08:47:00","17:00:00",46,0,"6.72","Late",NULL
67001144,576399138,"2026-03-03","07:54:00","17:00:00",0,0,"7.50","Present",NULL
67001144,578963150,"2026-03-04","07:54:00","17:00:00",0,0,"7.50","Present",NULL
67001144,574838275,"2026-03-05","08:39:00","17:00:00",38,0,"6.85","Late",NULL
67001144,574757432,"2026-03-06","08:01:00","17:00:00",0,0,"7.48","Present",NULL
67001144,575135298,"2026-03-09",NULL,NULL,0,0,"0.00","Absent","Emergency Leave"
67001144,579069907,"2026-03-10","07:57:00","17:00:00",0,0,"7.50","Present",NULL
67001144,572929899,"2026-03-11","07:44:00","17:00:00",0,0,"7.50","Present",NULL
67001144,576598495,"2026-03-12",NULL,NULL,0,0,"0.00","Absent","Sick Leave"
67001144,573341133,"2026-03-13","08:01:00","17:00:00",0,0,"7.48","Present",NULL
67001144,577240412,"2026-03-16","08:26:00","17:00:00",25,0,"7.07","Late",NULL
67001144,575939460,"2026-03-17","07:48:00","17:00:00",0,0,"7.50","Present",NULL
67001144,575351580,"2026-03-18","07:48:00","17:00:00",0,0,"7.50","Present",NULL
67001144,579054185,"2026-03-19","07:49:00","17:00:00",0,0,"7.50","Present",NULL
67001144,572572275,"2026-03-23","07:44:00","17:00:00",0,0,"7.50","Present",NULL
67001144,577933151,"2026-03-24",NULL,NULL,0,0,"0.00","Absent","Emergency Leave"
67001144,576646894,"2026-03-25","07:57:00","17:00:00",0,0,"7.50","Present",NULL
67001144,574605627,"2026-03-26",NULL,NULL,0,0,"0.00","Absent","Emergency Leave"
67001144,579844153,"2026-03-27","07:57:00","17:00:00",0,0,"7.50","Present",NULL
67001144,575326831,"2026-03-30","07:52:00","17:00:00",0,0,"7.50","Present",NULL
67001144,578617538,"2026-03-31","07:48:00","17:00:00",0,0,"7.50","Present",NULL
67001858,570035400,"2026-03-02","07:58:00","17:00:00",0,0,"7.50","Present",NULL
67001858,575747650,"2026-03-03","07:44:00","17:00:00",0,0,"7.50","Present",NULL
67001858,577516771,"2026-03-04","07:44:00","17:00:00",0,0,"7.50","Present",NULL
67001858,579938248,"2026-03-05","07:42:00","17:00:00",0,0,"7.50","Present",NULL
67001858,574314772,"2026-03-06","07:49:00","17:00:00",0,0,"7.50","Present",NULL
67001858,570651941,"2026-03-09","07:46:00","17:00:00",0,0,"7.50","Present",NULL
67001858,572314794,"2026-03-10","07:55:00","17:00:00",0,0,"7.50","Present",NULL
67001858,577889220,"2026-03-11","07:43:00","17:00:00",0,0,"7.50","Present",NULL
67001858,575287341,"2026-03-12","07:59:00","17:00:00",0,0,"7.50","Present",NULL
67001858,578320239,"2026-03-13","08:32:00","17:00:00",31,0,"6.97","Late",NULL
67001858,574550951,"2026-03-16","07:55:00","17:00:00",0,0,"7.50","Present",NULL
67001858,570132638,"2026-03-17","08:01:00","17:00:00",0,0,"7.48","Present",NULL
67001858,576253001,"2026-03-18","07:44:00","17:00:00",0,0,"7.50","Present",NULL
67001858,575585292,"2026-03-19","07:47:00","17:00:00",0,0,"7.50","Present",NULL
67001858,579988100,"2026-03-23","08:51:00","17:00:00",50,0,"6.65","Late",NULL
67001858,572987600,"2026-03-24","07:48:00","17:00:00",0,0,"7.50","Present",NULL
67001858,574987848,"2026-03-25","07:50:00","17:00:00",0,0,"7.50","Present",NULL
67001858,573303801,"2026-03-26","07:53:00","17:00:00",0,0,"7.50","Present",NULL
67001858,572570489,"2026-03-27","08:19:00","17:00:00",18,0,"7.18","Late",NULL
67001858,572502604,"2026-03-30","07:41:00","17:00:00",0,0,"7.50","Present",NULL
67001858,574975466,"2026-03-31","07:46:00","17:00:00",0,0,"7.50","Present",NULL
67001404,578723609,"2026-03-02","07:59:00","17:00:00",0,0,"7.50","Present",NULL
67001404,575430926,"2026-03-03","08:24:00","17:00:00",23,0,"7.10","Late",NULL
67001404,577961096,"2026-03-04","07:43:00","17:00:00",0,0,"7.50","Present",NULL
67001404,574716350,"2026-03-05","08:42:00","17:00:00",41,0,"6.80","Late",NULL
67001404,579722160,"2026-03-06","08:38:00","17:00:00",37,0,"6.87","Late",NULL
67001404,576686660,"2026-03-09","07:40:00","17:00:00",0,0,"7.50","Present",NULL
67001404,570054364,"2026-03-10","08:33:00","17:00:00",32,0,"6.95","Late",NULL
67001404,577957814,"2026-03-11","07:56:00","17:00:00",0,0,"7.50","Present",NULL
67001404,579746221,"2026-03-12","08:35:00","17:00:00",34,0,"6.92","Late",NULL
67001404,571015052,"2026-03-13","07:48:00","17:00:00",0,0,"7.50","Present",NULL
67001404,577086541,"2026-03-16","08:00:00","17:00:00",0,0,"7.50","Present",NULL
67001404,579374870,"2026-03-17","08:01:00","17:00:00",0,0,"7.48","Present",NULL
67001404,573757382,"2026-03-18","07:49:00","17:00:00",0,0,"7.50","Present",NULL
67001404,577404565,"2026-03-19","07:43:00","17:00:00",0,0,"7.50","Present",NULL
67001404,571010982,"2026-03-23","07:42:00","17:00:00",0,0,"7.50","Present",NULL
67001404,573453224,"2026-03-24","07:57:00","17:00:00",0,0,"7.50","Present",NULL
67001404,576674111,"2026-03-25","08:01:00","17:00:00",0,0,"7.48","Present",NULL
67001404,571313860,"2026-03-26",NULL,NULL,0,0,"0.00","Absent","Vacation Leave"
67001404,572509291,"2026-03-27","07:42:00","17:00:00",0,0,"7.50","Present",NULL
67001404,577681215,"2026-03-30","08:14:00","17:00:00",13,0,"7.27","Late",NULL
67001404,570302452,"2026-03-31","08:20:00","17:00:00",19,0,"7.17","Late",NULL
67001179,572694684,"2026-03-02","07:55:00","17:00:00",0,0,"7.50","Present",NULL
67001179,573908538,"2026-03-03","07:59:00","17:00:00",0,0,"7.50","Present",NULL
67001179,571481725,"2026-03-04","07:47:00","17:00:00",0,0,"7.50","Present",NULL
67001179,570437145,"2026-03-05",NULL,NULL,0,0,"0.00","Absent","Emergency Leave"
67001179,570494619,"2026-03-06","07:57:00","17:00:00",0,0,"7.50","Present",NULL
67001179,570263022,"2026-03-09","07:40:00","17:00:00",0,0,"7.50","Present",NULL
67001179,570920874,"2026-03-10","07:47:00","17:00:00",0,0,"7.50","Present",NULL
67001179,571757411,"2026-03-11","08:00:00","17:00:00",0,0,"7.50","Present",NULL
67001179,575729647,"2026-03-12","07:41:00","17:00:00",0,0,"7.50","Present",NULL
67001179,578638297,"2026-03-13","08:16:00","17:00:00",15,0,"7.23","Late",NULL
67001179,570097153,"2026-03-16","08:30:00","17:00:00",29,0,"7.00","Late",NULL
67001179,578363990,"2026-03-17","07:58:00","17:00:00",0,0,"7.50","Present",NULL
67001179,573375309,"2026-03-18","07:40:00","17:00:00",0,0,"7.50","Present",NULL
67001179,575590930,"2026-03-19","07:45:00","17:00:00",0,0,"7.50","Present",NULL
67001179,577547005,"2026-03-23","07:53:00","17:00:00",0,0,"7.50","Present",NULL
67001179,578297887,"2026-03-24","07:53:00","17:00:00",0,0,"7.50","Present",NULL
67001179,575683449,"2026-03-25","08:01:00","17:00:00",0,0,"7.48","Present",NULL
67001179,579945866,"2026-03-26","08:52:00","17:00:00",51,0,"6.63","Late",NULL
67001179,577855225,"2026-03-27","07:58:00","17:00:00",0,0,"7.50","Present",NULL
67001179,578521813,"2026-03-30","07:50:00","17:00:00",0,0,"7.50","Present",NULL
67001179,570393827,"2026-03-31","07:42:00","17:00:00",0,0,"7.50","Present",NULL
67001769,577395974,"2026-03-02","07:41:00","17:00:00",0,0,"7.50","Present",NULL
67001769,578353622,"2026-03-03","07:53:00","17:00:00",0,0,"7.50","Present",NULL
67001769,572238784,"2026-03-04",NULL,NULL,0,0,"0.00","Absent","Sick Leave"
67001769,579379455,"2026-03-05","07:56:00","17:00:00",0,0,"7.50","Present",NULL
67001769,574836416,"2026-03-06","08:01:00","17:00:00",0,0,"7.48","Present",NULL
67001769,570606404,"2026-03-09","07:41:00","17:00:00",0,0,"7.50","Present",NULL
67001769,575656926,"2026-03-10",NULL,NULL,0,0,"0.00","Absent","No Call, No Show"
67001769,573410137,"2026-03-11","08:09:00","17:00:00",8,0,"7.35","Late",NULL
67001769,578090399,"2026-03-12","08:00:00","17:00:00",0,0,"7.50","Present",NULL
67001769,571426248,"2026-03-13","08:00:00","17:00:00",0,0,"7.50","Present",NULL
67001769,573638039,"2026-03-16","07:56:00","17:00:00",0,0,"7.50","Present",NULL
67001769,576739172,"2026-03-17","07:53:00","17:00:00",0,0,"7.50","Present",NULL
67001769,573570901,"2026-03-18","08:58:00","17:00:00",57,0,"6.53","Late",NULL
67001769,570749444,"2026-03-19","07:40:00","17:00:00",0,0,"7.50","Present",NULL
67001769,575434509,"2026-03-23","07:43:00","17:00:00",0,0,"7.50","Present",NULL
67001769,571331932,"2026-03-24","08:02:00","17:00:00",1,0,"7.47","Late",NULL
67001769,576049035,"2026-03-25","07:48:00","17:00:00",0,0,"7.50","Present",NULL
67001769,573439542,"2026-03-26",NULL,NULL,0,0,"0.00","Absent","Vacation Leave"
67001769,578396747,"2026-03-27","07:41:00","17:00:00",0,0,"7.50","Present",NULL
67001769,572972835,"2026-03-30","08:32:00","17:00:00",31,0,"6.97","Late",NULL
67001769,574175515,"2026-03-31","08:01:00","17:00:00",0,0,"7.48","Present",NULL
67001994,579333386,"2026-03-02","07:55:00","17:00:00",0,0,"7.50","Present",NULL
67001994,572115476,"2026-03-03","07:50:00","17:00:00",0,0,"7.50","Present",NULL
67001994,573359075,"2026-03-04","08:01:00","17:00:00",0,0,"7.48","Present",NULL
67001994,578070896,"2026-03-05","07:44:00","17:00:00",0,0,"7.50","Present",NULL
67001994,573108955,"2026-03-06","07:51:00","17:00:00",0,0,"7.50","Present",NULL
67001994,579208436,"2026-03-09","08:01:00","17:00:00",0,0,"7.48","Present",NULL
67001994,575251238,"2026-03-10","07:56:00","17:00:00",0,0,"7.50","Present",NULL
67001994,572890398,"2026-03-11","07:55:00","17:00:00",0,0,"7.50","Present",NULL
67001994,571698559,"2026-03-12","08:04:00","17:00:00",3,0,"7.43","Late",NULL
67001994,574248366,"2026-03-13","07:45:00","17:00:00",0,0,"7.50","Present",NULL
67001994,571556017,"2026-03-16","07:45:00","17:00:00",0,0,"7.50","Present",NULL
67001994,579692447,"2026-03-17","08:01:00","17:00:00",0,0,"7.48","Present",NULL
67001994,574303349,"2026-03-18","08:40:00","17:00:00",39,0,"6.83","Late",NULL
67001994,571921937,"2026-03-19","08:49:00","17:00:00",48,0,"6.68","Late",NULL
67001994,570609735,"2026-03-23","07:54:00","17:00:00",0,0,"7.50","Present",NULL
67001994,571113073,"2026-03-24","08:56:00","17:00:00",55,0,"6.57","Late",NULL
67001994,570232148,"2026-03-25","07:41:00","17:00:00",0,0,"7.50","Present",NULL
67001994,571833473,"2026-03-26","07:50:00","17:00:00",0,0,"7.50","Present",NULL
67001994,577141249,"2026-03-27","07:45:00","17:00:00",0,0,"7.50","Present",NULL
67001994,578883471,"2026-03-30","08:00:00","17:00:00",0,0,"7.50","Present",NULL
67001994,572081402,"2026-03-31","07:51:00","17:00:00",0,0,"7.50","Present",NULL
67001936,573756514,"2026-03-02","07:46:00","17:00:00",0,0,"7.50","Present",NULL
67001936,573570895,"2026-03-03","08:09:00","17:00:00",8,0,"7.35","Late",NULL
67001936,575669015,"2026-03-04","07:59:00","17:00:00",0,0,"7.50","Present",NULL
67001936,570880669,"2026-03-05","08:01:00","17:00:00",0,0,"7.48","Present",NULL
67001936,573640844,"2026-03-06","07:46:00","17:00:00",0,0,"7.50","Present",NULL
67001936,570168714,"2026-03-09","07:40:00","17:00:00",0,0,"7.50","Present",NULL
67001936,574696161,"2026-03-10","08:56:00","17:00:00",55,0,"6.57","Late",NULL
67001936,575755534,"2026-03-11","08:35:00","17:00:00",34,0,"6.92","Late",NULL
67001936,572806876,"2026-03-12","07:50:00","17:00:00",0,0,"7.50","Present",NULL
67001936,575140143,"2026-03-13","08:10:00","17:00:00",9,0,"7.33","Late",NULL
67001936,572312362,"2026-03-16","07:41:00","17:00:00",0,0,"7.50","Present",NULL
67001936,575505256,"2026-03-17","07:47:00","17:00:00",0,0,"7.50","Present",NULL
67001936,575475371,"2026-03-18","08:01:00","17:00:00",0,0,"7.48","Present",NULL
67001936,579471394,"2026-03-19","07:48:00","17:00:00",0,0,"7.50","Present",NULL
67001936,575596024,"2026-03-23","07:40:00","17:00:00",0,0,"7.50","Present",NULL
67001936,579764365,"2026-03-24","08:00:00","17:00:00",0,0,"7.50","Present",NULL
67001936,575260869,"2026-03-25",NULL,NULL,0,0,"0.00","Absent","Emergency Leave"
67001936,572377785,"2026-03-26","08:01:00","17:00:00",0,0,"7.48","Present",NULL
67001936,572584705,"2026-03-27","08:01:00","17:00:00",0,0,"7.48","Present",NULL
67001936,577367065,"2026-03-30",NULL,NULL,0,0,"0.00","Absent","No Call, No Show"
67001936,578413443,"2026-03-31","08:00:00","17:00:00",0,0,"7.50","Present",NULL
67001717,570791651,"2026-03-02","07:40:00","17:00:00",0,0,"7.50","Present",NULL
67001717,579190508,"2026-03-03","07:42:00","17:00:00",0,0,"7.50","Present",NULL
67001717,572741459,"2026-03-04","08:10:00","17:00:00",9,0,"7.33","Late",NULL
67001717,572480982,"2026-03-05","08:00:00","17:00:00",0,0,"7.50","Present",NULL
67001717,578487943,"2026-03-06",NULL,NULL,0,0,"0.00","Absent","Sick Leave"
67001717,578798290,"2026-03-09","08:41:00","17:00:00",40,0,"6.82","Late",NULL
67001717,575012751,"2026-03-10","07:57:00","17:00:00",0,0,"7.50","Present",NULL
67001717,574255986,"2026-03-11","08:43:00","17:00:00",42,0,"6.78","Late",NULL
67001717,579128066,"2026-03-12","08:50:00","17:00:00",49,0,"6.67","Late",NULL
67001717,576627944,"2026-03-13","08:01:00","17:00:00",0,0,"7.48","Present",NULL
67001717,572684688,"2026-03-16","08:38:00","17:00:00",37,0,"6.87","Late",NULL
67001717,577785692,"2026-03-17","07:51:00","17:00:00",0,0,"7.50","Present",NULL
67001717,578182716,"2026-03-18","07:45:00","17:00:00",0,0,"7.50","Present",NULL
67001717,572964753,"2026-03-19","08:01:00","17:00:00",0,0,"7.48","Present",NULL
67001717,579544549,"2026-03-23","08:34:00","17:00:00",33,0,"6.93","Late",NULL
67001717,577744956,"2026-03-24","07:49:00","17:00:00",0,0,"7.50","Present",NULL
67001717,572721684,"2026-03-25","07:57:00","17:00:00",0,0,"7.50","Present",NULL
67001717,570058247,"2026-03-26","07:53:00","17:00:00",0,0,"7.50","Present",NULL
67001717,579302858,"2026-03-27","07:48:00","17:00:00",0,0,"7.50","Present",NULL
67001717,570011621,"2026-03-30",NULL,NULL,0,0,"0.00","Absent","No Call, No Show"
67001717,572939405,"2026-03-31","08:23:00","17:00:00",22,0,"7.12","Late",NULL
67001881,575393332,"2026-03-02","07:56:00","17:00:00",0,0,"7.50","Present",NULL
67001881,576106943,"2026-03-03",NULL,NULL,0,0,"0.00","Absent","Vacation Leave"
67001881,576909859,"2026-03-04","08:00:00","17:00:00",0,0,"7.50","Present",NULL
67001881,575174144,"2026-03-05",NULL,NULL,0,0,"0.00","Absent","Sick Leave"
67001881,573909984,"2026-03-06","08:00:00","17:00:00",0,0,"7.50","Present",NULL
67001881,578125056,"2026-03-09","08:00:00","17:00:00",0,0,"7.50","Present",NULL
67001881,577780828,"2026-03-10","07:52:00","17:00:00",0,0,"7.50","Present",NULL
67001881,579182639,"2026-03-11","07:45:00","17:00:00",0,0,"7.50","Present",NULL
67001881,571218939,"2026-03-12","07:47:00","17:00:00",0,0,"7.50","Present",NULL
67001881,571109499,"2026-03-13","08:01:00","17:00:00",0,0,"7.48","Present",NULL
67001881,571403410,"2026-03-16","08:01:00","17:00:00",0,0,"7.48","Present",NULL
67001881,576551047,"2026-03-17","07:45:00","17:00:00",0,0,"7.50","Present",NULL
67001881,578019867,"2026-03-18","07:44:00","17:00:00",0,0,"7.50","Present",NULL
67001881,571810898,"2026-03-19","07:59:00","17:00:00",0,0,"7.50","Present",NULL
67001881,570007132,"2026-03-23","08:37:00","17:00:00",36,0,"6.88","Late",NULL
67001881,579058225,"2026-03-24","07:48:00","17:00:00",0,0,"7.50","Present",NULL
67001881,570750979,"2026-03-25","08:01:00","17:00:00",0,0,"7.48","Present",NULL
67001881,576302392,"2026-03-26","07:47:00","17:00:00",0,0,"7.50","Present",NULL
67001881,572247379,"2026-03-27","07:54:00","17:00:00",0,0,"7.50","Present",NULL
67001881,573693561,"2026-03-30","08:01:00","17:00:00",0,0,"7.48","Present",NULL
67001881,572278946,"2026-03-31","08:48:00","17:00:00",47,0,"6.70","Late",NULL
67001842,571312304,"2026-03-02","07:43:00","17:00:00",0,0,"7.50","Present",NULL
67001842,575373561,"2026-03-03","07:47:00","17:00:00",0,0,"7.50","Present",NULL
67001842,577973212,"2026-03-04","07:56:00","17:00:00",0,0,"7.50","Present",NULL
67001842,575725882,"2026-03-05","07:56:00","17:00:00",0,0,"7.50","Present",NULL
67001842,574996538,"2026-03-06","07:52:00","17:00:00",0,0,"7.50","Present",NULL
67001842,578411048,"2026-03-09","07:44:00","17:00:00",0,0,"7.50","Present",NULL
67001842,576601607,"2026-03-10","07:48:00","17:00:00",0,0,"7.50","Present",NULL
67001842,573017614,"2026-03-11","07:51:00","17:00:00",0,0,"7.50","Present",NULL
67001842,575937639,"2026-03-12","08:00:00","17:00:00",0,0,"7.50","Present",NULL
67001842,570414511,"2026-03-13","08:56:00","17:00:00",55,0,"6.57","Late",NULL
67001842,574841308,"2026-03-16","07:59:00","17:00:00",0,0,"7.50","Present",NULL
67001842,579587004,"2026-03-17","07:49:00","17:00:00",0,0,"7.50","Present",NULL
67001842,573837217,"2026-03-18","07:46:00","17:00:00",0,0,"7.50","Present",NULL
67001842,579102985,"2026-03-19","07:48:00","17:00:00",0,0,"7.50","Present",NULL
67001842,579696428,"2026-03-23","07:57:00","17:00:00",0,0,"7.50","Present",NULL
67001842,579569113,"2026-03-24","08:00:00","17:00:00",0,0,"7.50","Present",NULL
67001842,574804537,"2026-03-25","08:44:00","17:00:00",43,0,"6.77","Late",NULL
67001842,576561901,"2026-03-26","07:48:00","17:00:00",0,0,"7.50","Present",NULL
67001842,577427714,"2026-03-27","08:01:00","17:00:00",0,0,"7.48","Present",NULL
67001842,576225801,"2026-03-30","07:41:00","17:00:00",0,0,"7.50","Present",NULL
67001842,571218610,"2026-03-31","08:01:00","17:00:00",0,0,"7.48","Present",NULL
67001538,576883328,"2026-03-02","08:51:00","17:00:00",50,0,"6.65","Late",NULL
67001538,572314568,"2026-03-03","07:42:00","17:00:00",0,0,"7.50","Present",NULL
67001538,571630147,"2026-03-04","07:51:00","17:00:00",0,0,"7.50","Present",NULL
67001538,572076668,"2026-03-05","08:01:00","17:00:00",0,0,"7.48","Present",NULL
67001538,576269655,"2026-03-06","07:45:00","17:00:00",0,0,"7.50","Present",NULL
67001538,571638522,"2026-03-09","08:01:00","17:00:00",0,0,"7.48","Present",NULL
67001538,577389017,"2026-03-10","07:51:00","17:00:00",0,0,"7.50","Present",NULL
67001538,575215681,"2026-03-11","08:01:00","17:00:00",0,0,"7.48","Present",NULL
67001538,578659027,"2026-03-12","08:25:00","17:00:00",24,0,"7.08","Late",NULL
67001538,577058331,"2026-03-13","07:53:00","17:00:00",0,0,"7.50","Present",NULL
67001538,579705869,"2026-03-16","07:58:00","17:00:00",0,0,"7.50","Present",NULL
67001538,571558106,"2026-03-17","07:41:00","17:00:00",0,0,"7.50","Present",NULL
67001538,571156927,"2026-03-18","07:57:00","17:00:00",0,0,"7.50","Present",NULL
67001538,573057731,"2026-03-19","08:00:00","17:00:00",0,0,"7.50","Present",NULL
67001538,575744716,"2026-03-23","07:43:00","17:00:00",0,0,"7.50","Present",NULL
67001538,570641718,"2026-03-24","07:54:00","17:00:00",0,0,"7.50","Present",NULL
67001538,578191334,"2026-03-25","07:40:00","17:00:00",0,0,"7.50","Present",NULL
67001538,570059299,"2026-03-26","07:44:00","17:00:00",0,0,"7.50","Present",NULL
67001538,573234634,"2026-03-27",NULL,NULL,0,0,"0.00","Absent","No Call, No Show"
67001538,578296522,"2026-03-30","07:59:00","17:00:00",0,0,"7.50","Present",NULL
67001538,578454577,"2026-03-31","07:53:00","17:00:00",0,0,"7.50","Present",NULL
67001392,572424268,"2026-03-02","08:01:00","17:00:00",0,0,"7.48","Present",NULL
67001392,579166723,"2026-03-03","07:59:00","17:00:00",0,0,"7.50","Present",NULL
67001392,575237128,"2026-03-04","08:25:00","17:00:00",24,0,"7.08","Late",NULL
67001392,579992047,"2026-03-05",NULL,NULL,0,0,"0.00","Absent","Vacation Leave"
67001392,576146945,"2026-03-06","07:46:00","17:00:00",0,0,"7.50","Present",NULL
67001392,572899230,"2026-03-09","07:45:00","17:00:00",0,0,"7.50","Present",NULL
67001392,575888130,"2026-03-10","07:46:00","17:00:00",0,0,"7.50","Present",NULL
67001392,579157543,"2026-03-11","07:53:00","17:00:00",0,0,"7.50","Present",NULL
67001392,573727832,"2026-03-12","08:52:00","17:00:00",51,0,"6.63","Late",NULL
67001392,577966256,"2026-03-13",NULL,NULL,0,0,"0.00","Absent","Emergency Leave"
67001392,573347088,"2026-03-16","08:01:00","17:00:00",0,0,"7.48","Present",NULL
67001392,573149353,"2026-03-17","07:42:00","17:00:00",0,0,"7.50","Present",NULL
67001392,576800013,"2026-03-18","08:01:00","17:00:00",0,0,"7.48","Present",NULL
67001392,579415151,"2026-03-19","08:01:00","17:00:00",0,0,"7.48","Present",NULL
67001392,571586606,"2026-03-23","08:50:00","17:00:00",49,0,"6.67","Late",NULL
67001392,573402945,"2026-03-24","07:58:00","17:00:00",0,0,"7.50","Present",NULL
67001392,578738627,"2026-03-25","07:56:00","17:00:00",0,0,"7.50","Present",NULL
67001392,579745691,"2026-03-26",NULL,NULL,0,0,"0.00","Absent","No Call, No Show"
67001392,574454433,"2026-03-27","08:06:00","17:00:00",5,0,"7.40","Late",NULL
67001392,571954297,"2026-03-30","07:49:00","17:00:00",0,0,"7.50","Present",NULL
67001392,579781484,"2026-03-31","07:54:00","17:00:00",0,0,"7.50","Present",NULL
67001338,576723861,"2026-03-02","07:51:00","17:00:00",0,0,"7.50","Present",NULL
67001338,576044653,"2026-03-03","08:24:00","17:00:00",23,0,"7.10","Late",NULL
67001338,574922182,"2026-03-04","08:36:00","17:00:00",35,0,"6.90","Late",NULL
67001338,575553616,"2026-03-05","07:50:00","17:00:00",0,0,"7.50","Present",NULL
67001338,574824043,"2026-03-06","07:44:00","17:00:00",0,0,"7.50","Present",NULL
67001338,574539923,"2026-03-09","07:51:00","17:00:00",0,0,"7.50","Present",NULL
67001338,570060323,"2026-03-10",NULL,NULL,0,0,"0.00","Absent","Vacation Leave"
67001338,575927616,"2026-03-11","07:55:00","17:00:00",0,0,"7.50","Present",NULL
67001338,578780763,"2026-03-12","07:43:00","17:00:00",0,0,"7.50","Present",NULL
67001338,570140378,"2026-03-13","08:27:00","17:00:00",26,0,"7.05","Late",NULL
67001338,574950356,"2026-03-16","08:48:00","17:00:00",47,0,"6.70","Late",NULL
67001338,575682528,"2026-03-17","08:38:00","17:00:00",37,0,"6.87","Late",NULL
67001338,577995202,"2026-03-18","07:54:00","17:00:00",0,0,"7.50","Present",NULL
67001338,576072424,"2026-03-19","07:53:00","17:00:00",0,0,"7.50","Present",NULL
67001338,575389120,"2026-03-23",NULL,NULL,0,0,"0.00","Absent","No Call, No Show"
67001338,578287742,"2026-03-24","07:58:00","17:00:00",0,0,"7.50","Present",NULL
67001338,571522741,"2026-03-25","07:57:00","17:00:00",0,0,"7.50","Present",NULL
67001338,576918388,"2026-03-26",NULL,NULL,0,0,"0.00","Absent","Vacation Leave"
67001338,579153535,"2026-03-27",NULL,NULL,0,0,"0.00","Absent","Sick Leave"
67001338,576782517,"2026-03-30","07:47:00","17:00:00",0,0,"7.50","Present",NULL
67001338,572131091,"2026-03-31","07:54:00","17:00:00",0,0,"7.50","Present",NULL
67001783,572977564,"2026-03-02","07:47:00","17:00:00",0,0,"7.50","Present",NULL
67001783,572481297,"2026-03-03",NULL,NULL,0,0,"0.00","Absent","Vacation Leave"
67001783,576957964,"2026-03-04","07:52:00","17:00:00",0,0,"7.50","Present",NULL
67001783,578303615,"2026-03-05","08:01:00","17:00:00",0,0,"7.48","Present",NULL
67001783,573611001,"2026-03-06",NULL,NULL,0,0,"0.00","Absent","No Call, No Show"
67001783,573308365,"2026-03-09","07:58:00","17:00:00",0,0,"7.50","Present",NULL
67001783,572289013,"2026-03-10","08:30:00","17:00:00",29,0,"7.00","Late",NULL
67001783,571384479,"2026-03-11","07:54:00","17:00:00",0,0,"7.50","Present",NULL
67001783,575250730,"2026-03-12","07:55:00","17:00:00",0,0,"7.50","Present",NULL
67001783,571619481,"2026-03-13","08:59:00","17:00:00",58,0,"6.52","Late",NULL
67001783,571037324,"2026-03-16","08:18:00","17:00:00",17,0,"7.20","Late",NULL
67001783,570327065,"2026-03-17","07:45:00","17:00:00",0,0,"7.50","Present",NULL
67001783,575715776,"2026-03-18","08:54:00","17:00:00",53,0,"6.60","Late",NULL
67001783,574804541,"2026-03-19","08:01:00","17:00:00",0,0,"7.48","Present",NULL
67001783,571768494,"2026-03-23","08:01:00","17:00:00",0,0,"7.48","Present",NULL
67001783,576729146,"2026-03-24","08:11:00","17:00:00",10,0,"7.32","Late",NULL
67001783,579723469,"2026-03-25","07:52:00","17:00:00",0,0,"7.50","Present",NULL
67001783,577650117,"2026-03-26","07:56:00","17:00:00",0,0,"7.50","Present",NULL
67001783,571340113,"2026-03-27","07:51:00","17:00:00",0,0,"7.50","Present",NULL
67001783,577046635,"2026-03-30","07:48:00","17:00:00",0,0,"7.50","Present",NULL
67001783,579143858,"2026-03-31","08:03:00","17:00:00",2,0,"7.45","Late",NULL
67001979,570442539,"2026-03-02","07:47:00","17:00:00",0,0,"7.50","Present",NULL
67001979,576980393,"2026-03-03","07:45:00","17:00:00",0,0,"7.50","Present",NULL
67001979,574982244,"2026-03-04","08:27:00","17:00:00",26,0,"7.05","Late",NULL
67001979,571607794,"2026-03-05","08:56:00","17:00:00",55,0,"6.57","Late",NULL
67001979,570099726,"2026-03-06","07:57:00","17:00:00",0,0,"7.50","Present",NULL
67001979,570806382,"2026-03-09","07:57:00","17:00:00",0,0,"7.50","Present",NULL
67001979,576338390,"2026-03-10","07:40:00","17:00:00",0,0,"7.50","Present",NULL
67001979,570940828,"2026-03-11","07:44:00","17:00:00",0,0,"7.50","Present",NULL
67001979,576218905,"2026-03-12","08:09:00","17:00:00",8,0,"7.35","Late",NULL
67001979,579713652,"2026-03-13","07:57:00","17:00:00",0,0,"7.50","Present",NULL
67001979,579503775,"2026-03-16",NULL,NULL,0,0,"0.00","Absent","No Call, No Show"
67001979,578363275,"2026-03-17","07:40:00","17:00:00",0,0,"7.50","Present",NULL
67001979,577337047,"2026-03-18","08:01:00","17:00:00",0,0,"7.48","Present",NULL
67001979,577963500,"2026-03-19","07:42:00","17:00:00",0,0,"7.50","Present",NULL
67001979,574467356,"2026-03-23","08:11:00","17:00:00",10,0,"7.32","Late",NULL
67001979,573702694,"2026-03-24","07:45:00","17:00:00",0,0,"7.50","Present",NULL
67001979,574411246,"2026-03-25","08:01:00","17:00:00",0,0,"7.48","Present",NULL
67001979,572538366,"2026-03-26","07:54:00","17:00:00",0,0,"7.50","Present",NULL
67001979,575847884,"2026-03-27","08:01:00","17:00:00",0,0,"7.48","Present",NULL
67001979,571056423,"2026-03-30","07:47:00","17:00:00",0,0,"7.50","Present",NULL
67001979,574560091,"2026-03-31","07:45:00","17:00:00",0,0,"7.50","Present",NULL
67001297,571720171,"2026-03-02",NULL,NULL,0,0,"0.00","Absent","Emergency Leave"
67001297,571169686,"2026-03-03","08:02:00","17:00:00",1,0,"7.47","Late",NULL
67001297,576393278,"2026-03-04",NULL,NULL,0,0,"0.00","Absent","Sick Leave"
67001297,572724468,"2026-03-05","07:55:00","17:00:00",0,0,"7.50","Present",NULL
67001297,576632326,"2026-03-06","07:55:00","17:00:00",0,0,"7.50","Present",NULL
67001297,576984742,"2026-03-09","07:41:00","17:00:00",0,0,"7.50","Present",NULL
67001297,571096289,"2026-03-10","08:01:00","17:00:00",0,0,"7.48","Present",NULL
67001297,572597933,"2026-03-11","08:01:00","17:00:00",0,0,"7.48","Present",NULL
67001297,574079945,"2026-03-12","07:44:00","17:00:00",0,0,"7.50","Present",NULL
67001297,576270693,"2026-03-13","08:01:00","17:00:00",0,0,"7.48","Present",NULL
67001297,571384708,"2026-03-16","07:46:00","17:00:00",0,0,"7.50","Present",NULL
67001297,575778511,"2026-03-17","07:49:00","17:00:00",0,0,"7.50","Present",NULL
67001297,576078640,"2026-03-18","07:42:00","17:00:00",0,0,"7.50","Present",NULL
67001297,570619286,"2026-03-19","07:57:00","17:00:00",0,0,"7.50","Present",NULL
67001297,579300424,"2026-03-23","08:01:00","17:00:00",0,0,"7.48","Present",NULL
67001297,573536541,"2026-03-24","07:53:00","17:00:00",0,0,"7.50","Present",NULL
67001297,575293361,"2026-03-25","08:31:00","17:00:00",30,0,"6.98","Late",NULL
67001297,579725023,"2026-03-26","07:48:00","17:00:00",0,0,"7.50","Present",NULL
67001297,573253675,"2026-03-27","07:59:00","17:00:00",0,0,"7.50","Present",NULL
67001297,576106667,"2026-03-30","07:59:00","17:00:00",0,0,"7.50","Present",NULL
67001297,571945919,"2026-03-31",NULL,NULL,0,0,"0.00","Absent","Sick Leave"
67001865,570565516,"2026-03-02","07:48:00","17:00:00",0,0,"7.50","Present",NULL
67001865,578994374,"2026-03-03","07:57:00","17:00:00",0,0,"7.50","Present",NULL
67001865,570001043,"2026-03-04","08:27:00","17:00:00",26,0,"7.05","Late",NULL
67001865,578083486,"2026-03-05","07:55:00","17:00:00",0,0,"7.50","Present",NULL
67001865,575426913,"2026-03-06","08:08:00","17:00:00",7,0,"7.37","Late",NULL
67001865,574682962,"2026-03-09","07:49:00","17:00:00",0,0,"7.50","Present",NULL
67001865,576493133,"2026-03-10","07:44:00","17:00:00",0,0,"7.50","Present",NULL
67001865,573749799,"2026-03-11","07:54:00","17:00:00",0,0,"7.50","Present",NULL
67001865,570453766,"2026-03-12","07:43:00","17:00:00",0,0,"7.50","Present",NULL
67001865,578293019,"2026-03-13","08:26:00","17:00:00",25,0,"7.07","Late",NULL
67001865,579244959,"2026-03-16","08:42:00","17:00:00",41,0,"6.80","Late",NULL
67001865,571424941,"2026-03-17",NULL,NULL,0,0,"0.00","Absent","Vacation Leave"
67001865,575365279,"2026-03-18","08:48:00","17:00:00",47,0,"6.70","Late",NULL
67001865,573351484,"2026-03-19","08:01:00","17:00:00",0,0,"7.48","Present",NULL
67001865,570823885,"2026-03-23","07:59:00","17:00:00",0,0,"7.50","Present",NULL
67001865,574450763,"2026-03-24",NULL,NULL,0,0,"0.00","Absent","Sick Leave"
67001865,578739121,"2026-03-25","07:48:00","17:00:00",0,0,"7.50","Present",NULL
67001865,578514642,"2026-03-26",NULL,NULL,0,0,"0.00","Absent","Sick Leave"
67001865,575735228,"2026-03-27","08:41:00","17:00:00",40,0,"6.82","Late",NULL
67001865,573925351,"2026-03-30","07:49:00","17:00:00",0,0,"7.50","Present",NULL
67001865,578594169,"2026-03-31",NULL,NULL,0,0,"0.00","Absent","No Call, No Show"
67001186,571785609,"2026-03-02","07:46:00","17:00:00",0,0,"7.50","Present",NULL
67001186,570668724,"2026-03-03","08:44:00","17:00:00",43,0,"6.77","Late",NULL
67001186,578884871,"2026-03-04","07:52:00","17:00:00",0,0,"7.50","Present",NULL
67001186,572263086,"2026-03-05","07:49:00","17:00:00",0,0,"7.50","Present",NULL
67001186,576504921,"2026-03-06","08:01:00","17:00:00",0,0,"7.48","Present",NULL
67001186,579694079,"2026-03-09","08:01:00","17:00:00",0,0,"7.48","Present",NULL
67001186,578628075,"2026-03-10",NULL,NULL,0,0,"0.00","Absent","Vacation Leave"
67001186,577086349,"2026-03-11","07:49:00","17:00:00",0,0,"7.50","Present",NULL
67001186,572865370,"2026-03-12","07:56:00","17:00:00",0,0,"7.50","Present",NULL
67001186,573086382,"2026-03-13","08:40:00","17:00:00",39,0,"6.83","Late",NULL
67001186,572903071,"2026-03-16","07:48:00","17:00:00",0,0,"7.50","Present",NULL
67001186,578141666,"2026-03-17","07:43:00","17:00:00",0,0,"7.50","Present",NULL
67001186,573435328,"2026-03-18","08:00:00","17:00:00",0,0,"7.50","Present",NULL
67001186,579748382,"2026-03-19",NULL,NULL,0,0,"0.00","Absent","Emergency Leave"
67001186,576841818,"2026-03-23","07:58:00","17:00:00",0,0,"7.50","Present",NULL
67001186,575964641,"2026-03-24","08:07:00","17:00:00",6,0,"7.38","Late",NULL
67001186,572368878,"2026-03-25","07:47:00","17:00:00",0,0,"7.50","Present",NULL
67001186,574206786,"2026-03-26","08:52:00","17:00:00",51,0,"6.63","Late",NULL
67001186,574629286,"2026-03-27","08:43:00","17:00:00",42,0,"6.78","Late",NULL
67001186,575242217,"2026-03-30","07:54:00","17:00:00",0,0,"7.50","Present",NULL
67001186,576840193,"2026-03-31","08:01:00","17:00:00",0,0,"7.48","Present",NULL
67001457,570656876,"2026-03-02","07:56:00","17:00:00",0,0,"7.50","Present",NULL
67001457,577581582,"2026-03-03","07:50:00","17:00:00",0,0,"7.50","Present",NULL
67001457,576556411,"2026-03-04","07:59:00","17:00:00",0,0,"7.50","Present",NULL
67001457,576051489,"2026-03-05","08:41:00","17:00:00",40,0,"6.82","Late",NULL
67001457,573443636,"2026-03-06","07:43:00","17:00:00",0,0,"7.50","Present",NULL
67001457,578488966,"2026-03-09",NULL,NULL,0,0,"0.00","Absent","Emergency Leave"
67001457,577940710,"2026-03-10","08:01:00","17:00:00",0,0,"7.48","Present",NULL
67001457,576506884,"2026-03-11","08:33:00","17:00:00",32,0,"6.95","Late",NULL
67001457,577957900,"2026-03-12","07:40:00","17:00:00",0,0,"7.50","Present",NULL
67001457,571526555,"2026-03-13","08:41:00","17:00:00",40,0,"6.82","Late",NULL
67001457,574479769,"2026-03-16","07:53:00","17:00:00",0,0,"7.50","Present",NULL
67001457,579223940,"2026-03-17","07:52:00","17:00:00",0,0,"7.50","Present",NULL
67001457,571609877,"2026-03-18","07:46:00","17:00:00",0,0,"7.50","Present",NULL
67001457,575275752,"2026-03-19","08:01:00","17:00:00",0,0,"7.48","Present",NULL
67001457,576970003,"2026-03-23",NULL,NULL,0,0,"0.00","Absent","No Call, No Show"
67001457,578296728,"2026-03-24","07:55:00","17:00:00",0,0,"7.50","Present",NULL
67001457,577448015,"2026-03-25","07:58:00","17:00:00",0,0,"7.50","Present",NULL
67001457,572554174,"2026-03-26","07:48:00","17:00:00",0,0,"7.50","Present",NULL
67001457,573571465,"2026-03-27","08:01:00","17:00:00",0,0,"7.48","Present",NULL
67001457,570590926,"2026-03-30","07:48:00","17:00:00",0,0,"7.50","Present",NULL
67001457,570242410,"2026-03-31",NULL,NULL,0,0,"0.00","Absent","No Call, No Show"
67001117,574080103,"2026-03-02","08:01:00","17:00:00",0,0,"7.48","Present",NULL
67001117,579546777,"2026-03-03","08:01:00","17:00:00",0,0,"7.48","Present",NULL
67001117,573130532,"2026-03-04",NULL,NULL,0,0,"0.00","Absent","Sick Leave"
67001117,579792803,"2026-03-05","07:54:00","17:00:00",0,0,"7.50","Present",NULL
67001117,573747418,"2026-03-06","08:38:00","17:00:00",37,0,"6.87","Late",NULL
67001117,577292130,"2026-03-09","08:53:00","17:00:00",52,0,"6.62","Late",NULL
67001117,576324068,"2026-03-10","08:01:00","17:00:00",0,0,"7.48","Present",NULL
67001117,579717362,"2026-03-11",NULL,NULL,0,0,"0.00","Absent","Emergency Leave"
67001117,579785822,"2026-03-12","07:58:00","17:00:00",0,0,"7.50","Present",NULL
67001117,579666986,"2026-03-13","07:43:00","17:00:00",0,0,"7.50","Present",NULL
67001117,579194514,"2026-03-16","08:01:00","17:00:00",0,0,"7.48","Present",NULL
67001117,573733846,"2026-03-17",NULL,NULL,0,0,"0.00","Absent","No Call, No Show"
67001117,574230860,"2026-03-18",NULL,NULL,0,0,"0.00","Absent","Emergency Leave"
67001117,572356937,"2026-03-19","08:01:00","17:00:00",0,0,"7.48","Present",NULL
67001117,577622390,"2026-03-23","07:59:00","17:00:00",0,0,"7.50","Present",NULL
67001117,575257700,"2026-03-24","07:44:00","17:00:00",0,0,"7.50","Present",NULL
67001117,577649383,"2026-03-25","07:59:00","17:00:00",0,0,"7.50","Present",NULL
67001117,575945031,"2026-03-26","07:46:00","17:00:00",0,0,"7.50","Present",NULL
67001117,576623045,"2026-03-27","08:45:00","17:00:00",44,0,"6.75","Late",NULL
67001117,577945359,"2026-03-30","07:49:00","17:00:00",0,0,"7.50","Present",NULL
67001117,571937600,"2026-03-31","07:53:00","17:00:00",0,0,"7.50","Present",NULL
67001491,575392907,"2026-03-02","08:53:00","17:00:00",52,0,"6.62","Late",NULL
67001491,579086918,"2026-03-03","08:00:00","17:00:00",0,0,"7.50","Present",NULL
67001491,575699334,"2026-03-04","07:41:00","17:00:00",0,0,"7.50","Present",NULL
67001491,570597856,"2026-03-05","08:41:00","17:00:00",40,0,"6.82","Late",NULL
67001491,571884845,"2026-03-06","07:54:00","17:00:00",0,0,"7.50","Present",NULL
67001491,575760370,"2026-03-09",NULL,NULL,0,0,"0.00","Absent","No Call, No Show"
67001491,578821857,"2026-03-10","08:57:00","17:00:00",56,0,"6.55","Late",NULL
67001491,578190831,"2026-03-11","07:44:00","17:00:00",0,0,"7.50","Present",NULL
67001491,570952452,"2026-03-12","07:45:00","17:00:00",0,0,"7.50","Present",NULL
67001491,577042659,"2026-03-13",NULL,NULL,0,0,"0.00","Absent","No Call, No Show"
67001491,570912527,"2026-03-16","07:46:00","17:00:00",0,0,"7.50","Present",NULL
67001491,573101848,"2026-03-17","07:58:00","17:00:00",0,0,"7.50","Present",NULL
67001491,573446083,"2026-03-18",NULL,NULL,0,0,"0.00","Absent","Vacation Leave"
67001491,579287427,"2026-03-19","07:54:00","17:00:00",0,0,"7.50","Present",NULL
67001491,575569742,"2026-03-23","08:01:00","17:00:00",0,0,"7.48","Present",NULL
67001491,576177080,"2026-03-24","07:58:00","17:00:00",0,0,"7.50","Present",NULL
67001491,570949797,"2026-03-25","08:05:00","17:00:00",4,0,"7.42","Late",NULL
67001491,574833938,"2026-03-26","07:56:00","17:00:00",0,0,"7.50","Present",NULL
67001491,571645112,"2026-03-27","07:53:00","17:00:00",0,0,"7.50","Present",NULL
67001491,578186400,"2026-03-30","07:42:00","17:00:00",0,0,"7.50","Present",NULL
67001491,570379145,"2026-03-31","07:48:00","17:00:00",0,0,"7.50","Present",NULL
67001517,575492394,"2026-03-02","08:46:00","17:00:00",45,0,"6.73","Late",NULL
67001517,576656884,"2026-03-03","08:57:00","17:00:00",56,0,"6.55","Late",NULL
67001517,571763744,"2026-03-04","07:45:00","17:00:00",0,0,"7.50","Present",NULL
67001517,579558253,"2026-03-05","07:42:00","17:00:00",0,0,"7.50","Present",NULL
67001517,578206363,"2026-03-06","08:24:00","17:00:00",23,0,"7.10","Late",NULL
67001517,578491205,"2026-03-09","08:01:00","17:00:00",0,0,"7.48","Present",NULL
67001517,572323354,"2026-03-10","08:29:00","17:00:00",28,0,"7.02","Late",NULL
67001517,575826345,"2026-03-11","07:55:00","17:00:00",0,0,"7.50","Present",NULL
67001517,579456647,"2026-03-12","08:01:00","17:00:00",0,0,"7.48","Present",NULL
67001517,579836709,"2026-03-13","07:47:00","17:00:00",0,0,"7.50","Present",NULL
67001517,570678790,"2026-03-16","07:44:00","17:00:00",0,0,"7.50","Present",NULL
67001517,578926836,"2026-03-17",NULL,NULL,0,0,"0.00","Absent","No Call, No Show"
67001517,578044529,"2026-03-18","08:47:00","17:00:00",46,0,"6.72","Late",NULL
67001517,579935542,"2026-03-19","07:58:00","17:00:00",0,0,"7.50","Present",NULL
67001517,577882930,"2026-03-23","07:42:00","17:00:00",0,0,"7.50","Present",NULL
67001517,572787885,"2026-03-24","07:40:00","17:00:00",0,0,"7.50","Present",NULL
67001517,578911740,"2026-03-25","07:58:00","17:00:00",0,0,"7.50","Present",NULL
67001517,570123586,"2026-03-26","08:01:00","17:00:00",0,0,"7.48","Present",NULL
67001517,571671507,"2026-03-27","07:51:00","17:00:00",0,0,"7.50","Present",NULL
67001517,579057460,"2026-03-30","07:48:00","17:00:00",0,0,"7.50","Present",NULL
67001517,575500199,"2026-03-31","07:50:00","17:00:00",0,0,"7.50","Present",NULL
67001451,576879530,"2026-03-02","07:50:00","17:00:00",0,0,"7.50","Present",NULL
67001451,573504410,"2026-03-03","07:48:00","17:00:00",0,0,"7.50","Present",NULL
67001451,572219832,"2026-03-04","07:50:00","17:00:00",0,0,"7.50","Present",NULL
67001451,573762624,"2026-03-05","08:01:00","17:00:00",0,0,"7.48","Present",NULL
67001451,576329992,"2026-03-06","07:48:00","17:00:00",0,0,"7.50","Present",NULL
67001451,571367499,"2026-03-09","07:51:00","17:00:00",0,0,"7.50","Present",NULL
67001451,574488348,"2026-03-10","08:15:00","17:00:00",14,0,"7.25","Late",NULL
67001451,570527938,"2026-03-11","07:48:00","17:00:00",0,0,"7.50","Present",NULL
67001451,572227500,"2026-03-12","08:01:00","17:00:00",0,0,"7.48","Present",NULL
67001451,579045548,"2026-03-13","08:49:00","17:00:00",48,0,"6.68","Late",NULL
67001451,579455419,"2026-03-16","07:56:00","17:00:00",0,0,"7.50","Present",NULL
67001451,577368771,"2026-03-17","07:45:00","17:00:00",0,0,"7.50","Present",NULL
67001451,579461727,"2026-03-18","08:01:00","17:00:00",0,0,"7.48","Present",NULL
67001451,578847718,"2026-03-19","08:01:00","17:00:00",0,0,"7.48","Present",NULL
67001451,577385348,"2026-03-23","07:48:00","17:00:00",0,0,"7.50","Present",NULL
67001451,575122887,"2026-03-24","08:06:00","17:00:00",5,0,"7.40","Late",NULL
67001451,575103284,"2026-03-25","07:59:00","17:00:00",0,0,"7.50","Present",NULL
67001451,577351991,"2026-03-26","07:58:00","17:00:00",0,0,"7.50","Present",NULL
67001451,570261678,"2026-03-27","08:21:00","17:00:00",20,0,"7.15","Late",NULL
67001451,579353624,"2026-03-30","08:40:00","17:00:00",39,0,"6.83","Late",NULL
67001451,573609160,"2026-03-31","08:00:00","17:00:00",0,0,"7.50","Present",NULL
67001215,570444730,"2026-03-02","07:54:00","17:00:00",0,0,"7.50","Present",NULL
67001215,571050875,"2026-03-03","08:01:00","17:00:00",0,0,"7.48","Present",NULL
67001215,571173284,"2026-03-04","08:53:00","17:00:00",52,0,"6.62","Late",NULL
67001215,579924117,"2026-03-05","07:53:00","17:00:00",0,0,"7.50","Present",NULL
67001215,574429872,"2026-03-06","08:01:00","17:00:00",0,0,"7.48","Present",NULL
67001215,575904760,"2026-03-09",NULL,NULL,0,0,"0.00","Absent","Sick Leave"
67001215,577214186,"2026-03-10","07:51:00","17:00:00",0,0,"7.50","Present",NULL
67001215,574203626,"2026-03-11","07:41:00","17:00:00",0,0,"7.50","Present",NULL
67001215,579931006,"2026-03-12","07:53:00","17:00:00",0,0,"7.50","Present",NULL
67001215,576006025,"2026-03-13","08:50:00","17:00:00",49,0,"6.67","Late",NULL
67001215,570308730,"2026-03-16","08:51:00","17:00:00",50,0,"6.65","Late",NULL
67001215,571333247,"2026-03-17","07:55:00","17:00:00",0,0,"7.50","Present",NULL
67001215,570916983,"2026-03-18","08:01:00","17:00:00",0,0,"7.48","Present",NULL
67001215,572628755,"2026-03-19","07:42:00","17:00:00",0,0,"7.50","Present",NULL
67001215,573366459,"2026-03-23","07:48:00","17:00:00",0,0,"7.50","Present",NULL
67001215,574274090,"2026-03-24","07:59:00","17:00:00",0,0,"7.50","Present",NULL
67001215,571049576,"2026-03-25","07:51:00","17:00:00",0,0,"7.50","Present",NULL
67001215,570794022,"2026-03-26","08:00:00","17:00:00",0,0,"7.50","Present",NULL
67001215,575128277,"2026-03-27","07:52:00","17:00:00",0,0,"7.50","Present",NULL
67001215,572181020,"2026-03-30","07:44:00","17:00:00",0,0,"7.50","Present",NULL
67001215,570989881,"2026-03-31","07:59:00","17:00:00",0,0,"7.50","Present",NULL
67001882,577389117,"2026-03-02","08:39:00","17:00:00",38,0,"6.85","Late",NULL
67001882,574676088,"2026-03-03","07:50:00","17:00:00",0,0,"7.50","Present",NULL
67001882,574971162,"2026-03-04","08:00:00","17:00:00",0,0,"7.50","Present",NULL
67001882,577896195,"2026-03-05","07:44:00","17:00:00",0,0,"7.50","Present",NULL
67001882,572523188,"2026-03-06","07:55:00","17:00:00",0,0,"7.50","Present",NULL
67001882,577958588,"2026-03-09","07:54:00","17:00:00",0,0,"7.50","Present",NULL
67001882,575243793,"2026-03-10",NULL,NULL,0,0,"0.00","Absent","Sick Leave"
67001882,579954630,"2026-03-11","08:08:00","17:00:00",7,0,"7.37","Late",NULL
67001882,570467041,"2026-03-12","07:43:00","17:00:00",0,0,"7.50","Present",NULL
67001882,579672813,"2026-03-13","07:47:00","17:00:00",0,0,"7.50","Present",NULL
67001882,577828722,"2026-03-16","07:48:00","17:00:00",0,0,"7.50","Present",NULL
67001882,579312019,"2026-03-17","07:55:00","17:00:00",0,0,"7.50","Present",NULL
67001882,571383915,"2026-03-18","08:53:00","17:00:00",52,0,"6.62","Late",NULL
67001882,579288506,"2026-03-19","08:42:00","17:00:00",41,0,"6.80","Late",NULL
67001882,577295636,"2026-03-23","08:22:00","17:00:00",21,0,"7.13","Late",NULL
67001882,579454867,"2026-03-24","08:23:00","17:00:00",22,0,"7.12","Late",NULL
67001882,578234036,"2026-03-25","08:13:00","17:00:00",12,0,"7.28","Late",NULL
67001882,574189786,"2026-03-26","07:44:00","17:00:00",0,0,"7.50","Present",NULL
67001882,576959271,"2026-03-27","07:41:00","17:00:00",0,0,"7.50","Present",NULL
67001882,575562993,"2026-03-30","08:51:00","17:00:00",50,0,"6.65","Late",NULL
67001882,571477153,"2026-03-31","08:00:00","17:00:00",0,0,"7.50","Present",NULL
67001502,576828726,"2026-03-02","07:40:00","17:00:00",0,0,"7.50","Present",NULL
67001502,570065903,"2026-03-03","07:48:00","17:00:00",0,0,"7.50","Present",NULL
67001502,571753213,"2026-03-04","07:42:00","17:00:00",0,0,"7.50","Present",NULL
67001502,572083586,"2026-03-05","07:44:00","17:00:00",0,0,"7.50","Present",NULL
67001502,570296390,"2026-03-06","08:01:00","17:00:00",0,0,"7.48","Present",NULL
67001502,575270765,"2026-03-09","07:48:00","17:00:00",0,0,"7.50","Present",NULL
67001502,578236351,"2026-03-10","07:47:00","17:00:00",0,0,"7.50","Present",NULL
67001502,571168405,"2026-03-11","08:50:00","17:00:00",49,0,"6.67","Late",NULL
67001502,578361936,"2026-03-12","08:01:00","17:00:00",0,0,"7.48","Present",NULL
67001502,570243570,"2026-03-13",NULL,NULL,0,0,"0.00","Absent","Sick Leave"
67001502,573199784,"2026-03-16","08:41:00","17:00:00",40,0,"6.82","Late",NULL
67001502,576925211,"2026-03-17","08:01:00","17:00:00",0,0,"7.48","Present",NULL
67001502,573236755,"2026-03-18","07:51:00","17:00:00",0,0,"7.50","Present",NULL
67001502,574020232,"2026-03-19","07:58:00","17:00:00",0,0,"7.50","Present",NULL
67001502,574248985,"2026-03-23","08:54:00","17:00:00",53,0,"6.60","Late",NULL
67001502,578348752,"2026-03-24","07:52:00","17:00:00",0,0,"7.50","Present",NULL
67001502,577899558,"2026-03-25","07:46:00","17:00:00",0,0,"7.50","Present",NULL
67001502,571766956,"2026-03-26","07:56:00","17:00:00",0,0,"7.50","Present",NULL
67001502,571901748,"2026-03-27","07:55:00","17:00:00",0,0,"7.50","Present",NULL
67001502,571253382,"2026-03-30","07:43:00","17:00:00",0,0,"7.50","Present",NULL
67001502,575085891,"2026-03-31","08:00:00","17:00:00",0,0,"7.50","Present",NULL
67001240,577903015,"2026-03-02","07:53:00","17:00:00",0,0,"7.50","Present",NULL
67001240,574926361,"2026-03-03","08:56:00","17:00:00",55,0,"6.57","Late",NULL
67001240,575746711,"2026-03-04","08:42:00","17:00:00",41,0,"6.80","Late",NULL
67001240,579717585,"2026-03-05","08:01:00","17:00:00",0,0,"7.48","Present",NULL
67001240,576676644,"2026-03-06","08:01:00","17:00:00",0,0,"7.48","Present",NULL
67001240,579884221,"2026-03-09","08:36:00","17:00:00",35,0,"6.90","Late",NULL
67001240,572694080,"2026-03-10","07:46:00","17:00:00",0,0,"7.50","Present",NULL
67001240,576902381,"2026-03-11","08:43:00","17:00:00",42,0,"6.78","Late",NULL
67001240,578782064,"2026-03-12","07:57:00","17:00:00",0,0,"7.50","Present",NULL
67001240,578945523,"2026-03-13","08:55:00","17:00:00",54,0,"6.58","Late",NULL
67001240,572849494,"2026-03-16","07:48:00","17:00:00",0,0,"7.50","Present",NULL
67001240,571272998,"2026-03-17","08:01:00","17:00:00",0,0,"7.48","Present",NULL
67001240,572422685,"2026-03-18","07:42:00","17:00:00",0,0,"7.50","Present",NULL
67001240,573342187,"2026-03-19","07:59:00","17:00:00",0,0,"7.50","Present",NULL
67001240,575133123,"2026-03-23","07:41:00","17:00:00",0,0,"7.50","Present",NULL
67001240,575427300,"2026-03-24","07:56:00","17:00:00",0,0,"7.50","Present",NULL
67001240,573789242,"2026-03-25",NULL,NULL,0,0,"0.00","Absent","Sick Leave"
67001240,577775909,"2026-03-26","08:22:00","17:00:00",21,0,"7.13","Late",NULL
67001240,579802137,"2026-03-27","08:44:00","17:00:00",43,0,"6.77","Late",NULL
67001240,574741964,"2026-03-30","07:42:00","17:00:00",0,0,"7.50","Present",NULL
67001240,570629068,"2026-03-31","07:52:00","17:00:00",0,0,"7.50","Present",NULL
67001177,574364270,"2026-03-02",NULL,NULL,0,0,"0.00","Absent","Vacation Leave"
67001177,573523448,"2026-03-03","07:49:00","17:00:00",0,0,"7.50","Present",NULL
67001177,571710687,"2026-03-04","07:54:00","17:00:00",0,0,"7.50","Present",NULL
67001177,572123436,"2026-03-05","08:22:00","17:00:00",21,0,"7.13","Late",NULL
67001177,577312904,"2026-03-06","07:56:00","17:00:00",0,0,"7.50","Present",NULL
67001177,577709151,"2026-03-09","07:47:00","17:00:00",0,0,"7.50","Present",NULL
67001177,574466271,"2026-03-10","08:04:00","17:00:00",3,0,"7.43","Late",NULL
67001177,573068676,"2026-03-11","07:41:00","17:00:00",0,0,"7.50","Present",NULL
67001177,576709605,"2026-03-12","08:01:00","17:00:00",0,0,"7.48","Present",NULL
67001177,571223558,"2026-03-13","07:41:00","17:00:00",0,0,"7.50","Present",NULL
67001177,578409554,"2026-03-16","08:00:00","17:00:00",0,0,"7.50","Present",NULL
67001177,571377955,"2026-03-17","07:51:00","17:00:00",0,0,"7.50","Present",NULL
67001177,579032614,"2026-03-18","08:58:00","17:00:00",57,0,"6.53","Late",NULL
67001177,572559998,"2026-03-19","07:42:00","17:00:00",0,0,"7.50","Present",NULL
67001177,577678237,"2026-03-23","08:01:00","17:00:00",0,0,"7.48","Present",NULL
67001177,573113786,"2026-03-24","07:46:00","17:00:00",0,0,"7.50","Present",NULL
67001177,578508187,"2026-03-25","07:57:00","17:00:00",0,0,"7.50","Present",NULL
67001177,570691845,"2026-03-26","07:55:00","17:00:00",0,0,"7.50","Present",NULL
67001177,570463644,"2026-03-27",NULL,NULL,0,0,"0.00","Absent","Vacation Leave"
67001177,571656206,"2026-03-30","07:47:00","17:00:00",0,0,"7.50","Present",NULL
67001177,571420838,"2026-03-31","07:50:00","17:00:00",0,0,"7.50","Present",NULL
67001645,572277691,"2026-03-02","07:57:00","17:00:00",0,0,"7.50","Present",NULL
67001645,577252456,"2026-03-03","07:46:00","17:00:00",0,0,"7.50","Present",NULL
67001645,570708951,"2026-03-04","07:42:00","17:00:00",0,0,"7.50","Present",NULL
67001645,579801355,"2026-03-05","08:03:00","17:00:00",2,0,"7.45","Late",NULL
67001645,574500128,"2026-03-06","08:01:00","17:00:00",0,0,"7.48","Present",NULL
67001645,572785366,"2026-03-09","07:49:00","17:00:00",0,0,"7.50","Present",NULL
67001645,575113249,"2026-03-10","07:42:00","17:00:00",0,0,"7.50","Present",NULL
67001645,579986625,"2026-03-11","07:46:00","17:00:00",0,0,"7.50","Present",NULL
67001645,577635796,"2026-03-12","07:46:00","17:00:00",0,0,"7.50","Present",NULL
67001645,572483140,"2026-03-13","07:54:00","17:00:00",0,0,"7.50","Present",NULL
67001645,576661920,"2026-03-16","08:40:00","17:00:00",39,0,"6.83","Late",NULL
67001645,575639237,"2026-03-17","07:53:00","17:00:00",0,0,"7.50","Present",NULL
67001645,572094201,"2026-03-18","07:49:00","17:00:00",0,0,"7.50","Present",NULL
67001645,578879788,"2026-03-19","07:46:00","17:00:00",0,0,"7.50","Present",NULL
67001645,570290352,"2026-03-23","07:41:00","17:00:00",0,0,"7.50","Present",NULL
67001645,577870415,"2026-03-24","07:49:00","17:00:00",0,0,"7.50","Present",NULL
67001645,577937828,"2026-03-25","07:47:00","17:00:00",0,0,"7.50","Present",NULL
67001645,579010980,"2026-03-26","08:08:00","17:00:00",7,0,"7.37","Late",NULL
67001645,574505646,"2026-03-27","07:54:00","17:00:00",0,0,"7.50","Present",NULL
67001645,574097948,"2026-03-30","07:42:00","17:00:00",0,0,"7.50","Present",NULL
67001645,576235800,"2026-03-31",NULL,NULL,0,0,"0.00","Absent","Vacation Leave"
67001781,575320865,"2026-03-02","07:41:00","17:00:00",0,0,"7.50","Present",NULL
67001781,577895676,"2026-03-03","08:59:00","17:00:00",58,0,"6.52","Late",NULL
67001781,572392135,"2026-03-04","08:01:00","17:00:00",0,0,"7.48","Present",NULL
67001781,572069778,"2026-03-05","08:27:00","17:00:00",26,0,"7.05","Late",NULL
67001781,574456904,"2026-03-06","08:01:00","17:00:00",0,0,"7.48","Present",NULL
67001781,572720124,"2026-03-09","07:55:00","17:00:00",0,0,"7.50","Present",NULL
67001781,575187051,"2026-03-10","07:48:00","17:00:00",0,0,"7.50","Present",NULL
67001781,575861342,"2026-03-11","08:01:00","17:00:00",0,0,"7.48","Present",NULL
67001781,573801073,"2026-03-12","08:01:00","17:00:00",0,0,"7.48","Present",NULL
67001781,575370565,"2026-03-13","08:33:00","17:00:00",32,0,"6.95","Late",NULL
67001781,572954063,"2026-03-16","07:40:00","17:00:00",0,0,"7.50","Present",NULL
67001781,579954842,"2026-03-17","07:45:00","17:00:00",0,0,"7.50","Present",NULL
67001781,571612023,"2026-03-18","07:58:00","17:00:00",0,0,"7.50","Present",NULL
67001781,578891907,"2026-03-19",NULL,NULL,0,0,"0.00","Absent","Sick Leave"
67001781,574528366,"2026-03-23","08:09:00","17:00:00",8,0,"7.35","Late",NULL
67001781,576670525,"2026-03-24","07:54:00","17:00:00",0,0,"7.50","Present",NULL
67001781,578898265,"2026-03-25","08:01:00","17:00:00",0,0,"7.48","Present",NULL
67001781,577325344,"2026-03-26","07:57:00","17:00:00",0,0,"7.50","Present",NULL
67001781,572550371,"2026-03-27","08:00:00","17:00:00",0,0,"7.50","Present",NULL
67001781,572838014,"2026-03-30","08:01:00","17:00:00",0,0,"7.48","Present",NULL
67001781,571252071,"2026-03-31","07:45:00","17:00:00",0,0,"7.50","Present",NULL
67001921,578758782,"2026-03-02","07:40:00","17:00:00",0,0,"7.50","Present",NULL
67001921,573287734,"2026-03-03","07:56:00","17:00:00",0,0,"7.50","Present",NULL
67001921,577258346,"2026-03-04","08:14:00","17:00:00",13,0,"7.27","Late",NULL
67001921,579456487,"2026-03-05","07:59:00","17:00:00",0,0,"7.50","Present",NULL
67001921,573244661,"2026-03-06","08:00:00","17:00:00",0,0,"7.50","Present",NULL
67001921,577282390,"2026-03-09","07:57:00","17:00:00",0,0,"7.50","Present",NULL
67001921,575842212,"2026-03-10","07:53:00","17:00:00",0,0,"7.50","Present",NULL
67001921,574729219,"2026-03-11","08:01:00","17:00:00",0,0,"7.48","Present",NULL
67001921,578171987,"2026-03-12","07:47:00","17:00:00",0,0,"7.50","Present",NULL
67001921,576121450,"2026-03-13","08:01:00","17:00:00",0,0,"7.48","Present",NULL
67001921,576259278,"2026-03-16","08:01:00","17:00:00",0,0,"7.48","Present",NULL
67001921,578847210,"2026-03-17","07:52:00","17:00:00",0,0,"7.50","Present",NULL
67001921,575598959,"2026-03-18","08:42:00","17:00:00",41,0,"6.80","Late",NULL
67001921,572540144,"2026-03-19","08:02:00","17:00:00",1,0,"7.47","Late",NULL
67001921,575733832,"2026-03-23","07:40:00","17:00:00",0,0,"7.50","Present",NULL
67001921,573224278,"2026-03-24","08:07:00","17:00:00",6,0,"7.38","Late",NULL
67001921,575413495,"2026-03-25",NULL,NULL,0,0,"0.00","Absent","No Call, No Show"
67001921,577199944,"2026-03-26","07:56:00","17:00:00",0,0,"7.50","Present",NULL
67001921,573439502,"2026-03-27","08:10:00","17:00:00",9,0,"7.33","Late",NULL
67001921,578131102,"2026-03-30","07:48:00","17:00:00",0,0,"7.50","Present",NULL
67001921,575822833,"2026-03-31","08:01:00","17:00:00",0,0,"7.48","Present",NULL
67002001,573007567,"2026-03-02","08:01:00","17:00:00",0,0,"7.48","Present",NULL
67002001,570244213,"2026-03-03","08:00:00","17:00:00",0,0,"7.50","Present",NULL
67002001,572387387,"2026-03-04","08:28:00","17:00:00",27,0,"7.03","Late",NULL
67002001,578366218,"2026-03-05","07:54:00","17:00:00",0,0,"7.50","Present",NULL
67002001,570822775,"2026-03-06","07:59:00","17:00:00",0,0,"7.50","Present",NULL
67002001,575233432,"2026-03-09",NULL,NULL,0,0,"0.00","Absent","Sick Leave"
67002001,571984407,"2026-03-10","07:49:00","17:00:00",0,0,"7.50","Present",NULL
67002001,575222557,"2026-03-11","08:06:00","17:00:00",5,0,"7.40","Late",NULL
67002001,571599125,"2026-03-12","08:02:00","17:00:00",1,0,"7.47","Late",NULL
67002001,571101176,"2026-03-13","07:59:00","17:00:00",0,0,"7.50","Present",NULL
67002001,574976043,"2026-03-16","07:47:00","17:00:00",0,0,"7.50","Present",NULL
67002001,577870257,"2026-03-17","07:45:00","17:00:00",0,0,"7.50","Present",NULL
67002001,570582781,"2026-03-18","08:01:00","17:00:00",0,0,"7.48","Present",NULL
67002001,571230539,"2026-03-19",NULL,NULL,0,0,"0.00","Absent","Emergency Leave"
67002001,570999622,"2026-03-23","07:51:00","17:00:00",0,0,"7.50","Present",NULL
67002001,572776814,"2026-03-24",NULL,NULL,0,0,"0.00","Absent","Sick Leave"
67002001,576956085,"2026-03-25","07:40:00","17:00:00",0,0,"7.50","Present",NULL
67002001,573431413,"2026-03-26","07:45:00","17:00:00",0,0,"7.50","Present",NULL
67002001,571574238,"2026-03-27","07:49:00","17:00:00",0,0,"7.50","Present",NULL
67002001,572813966,"2026-03-30","08:01:00","17:00:00",0,0,"7.48","Present",NULL
67002001,573108107,"2026-03-31","08:01:00","17:00:00",0,0,"7.48","Present",NULL
67001148,572010116,"2026-03-02","08:53:00","17:00:00",52,0,"6.62","Late",NULL
67001148,570773053,"2026-03-03","07:50:00","17:00:00",0,0,"7.50","Present",NULL
67001148,575628555,"2026-03-04","07:58:00","17:00:00",0,0,"7.50","Present",NULL
67001148,574661540,"2026-03-05","07:43:00","17:00:00",0,0,"7.50","Present",NULL
67001148,574008238,"2026-03-06","07:41:00","17:00:00",0,0,"7.50","Present",NULL
67001148,575414810,"2026-03-09","07:43:00","17:00:00",0,0,"7.50","Present",NULL
67001148,575420025,"2026-03-10","07:56:00","17:00:00",0,0,"7.50","Present",NULL
67001148,578634701,"2026-03-11","07:41:00","17:00:00",0,0,"7.50","Present",NULL
67001148,574554864,"2026-03-12","08:24:00","17:00:00",23,0,"7.10","Late",NULL
67001148,576881023,"2026-03-13","07:47:00","17:00:00",0,0,"7.50","Present",NULL
67001148,572180254,"2026-03-16","07:55:00","17:00:00",0,0,"7.50","Present",NULL
67001148,571878358,"2026-03-17",NULL,NULL,0,0,"0.00","Absent","Emergency Leave"
67001148,573310520,"2026-03-18","07:58:00","17:00:00",0,0,"7.50","Present",NULL
67001148,576827209,"2026-03-19","08:24:00","17:00:00",23,0,"7.10","Late",NULL
67001148,572251842,"2026-03-23","07:49:00","17:00:00",0,0,"7.50","Present",NULL
67001148,575714901,"2026-03-24","08:01:00","17:00:00",0,0,"7.48","Present",NULL
67001148,579767172,"2026-03-25","08:01:00","17:00:00",0,0,"7.48","Present",NULL
67001148,571780585,"2026-03-26","07:52:00","17:00:00",0,0,"7.50","Present",NULL
67001148,573086854,"2026-03-27","08:47:00","17:00:00",46,0,"6.72","Late",NULL
67001148,574858122,"2026-03-30","08:29:00","17:00:00",28,0,"7.02","Late",NULL
67001148,578129668,"2026-03-31","08:01:00","17:00:00",0,0,"7.48","Present",NULL
67001855,575103292,"2026-03-02","07:45:00","17:00:00",0,0,"7.50","Present",NULL
67001855,574074596,"2026-03-03","08:21:00","17:00:00",20,0,"7.15","Late",NULL
67001855,576048752,"2026-03-04","08:01:00","17:00:00",0,0,"7.48","Present",NULL
67001855,576517551,"2026-03-05","07:57:00","17:00:00",0,0,"7.50","Present",NULL
67001855,578239837,"2026-03-06","07:48:00","17:00:00",0,0,"7.50","Present",NULL
67001855,577340494,"2026-03-09","07:54:00","17:00:00",0,0,"7.50","Present",NULL
67001855,573445056,"2026-03-10","08:00:00","17:00:00",0,0,"7.50","Present",NULL
67001855,572950066,"2026-03-11","07:49:00","17:00:00",0,0,"7.50","Present",NULL
67001855,578510139,"2026-03-12","07:55:00","17:00:00",0,0,"7.50","Present",NULL
67001855,576225107,"2026-03-13",NULL,NULL,0,0,"0.00","Absent","No Call, No Show"
67001855,574645662,"2026-03-16","07:46:00","17:00:00",0,0,"7.50","Present",NULL
67001855,571186777,"2026-03-17","07:49:00","17:00:00",0,0,"7.50","Present",NULL
67001855,576610546,"2026-03-18","07:56:00","17:00:00",0,0,"7.50","Present",NULL
67001855,576617425,"2026-03-19","07:49:00","17:00:00",0,0,"7.50","Present",NULL
67001855,572493267,"2026-03-23",NULL,NULL,0,0,"0.00","Absent","Sick Leave"
67001855,574040408,"2026-03-24","07:43:00","17:00:00",0,0,"7.50","Present",NULL
67001855,577543819,"2026-03-25","07:55:00","17:00:00",0,0,"7.50","Present",NULL
67001855,576648540,"2026-03-26","07:44:00","17:00:00",0,0,"7.50","Present",NULL
67001855,578045935,"2026-03-27","07:40:00","17:00:00",0,0,"7.50","Present",NULL
67001855,571075927,"2026-03-30","07:47:00","17:00:00",0,0,"7.50","Present",NULL
67001855,579331127,"2026-03-31","07:40:00","17:00:00",0,0,"7.50","Present",NULL
67001270,579764077,"2026-03-02","07:42:00","17:00:00",0,0,"7.50","Present",NULL
67001270,577255110,"2026-03-03","07:49:00","17:00:00",0,0,"7.50","Present",NULL
67001270,577909175,"2026-03-04","08:01:00","17:00:00",0,0,"7.48","Present",NULL
67001270,578114580,"2026-03-05","08:15:00","17:00:00",14,0,"7.25","Late",NULL
67001270,579851257,"2026-03-06","07:40:00","17:00:00",0,0,"7.50","Present",NULL
67001270,573959074,"2026-03-09","07:53:00","17:00:00",0,0,"7.50","Present",NULL
67001270,573279639,"2026-03-10","07:41:00","17:00:00",0,0,"7.50","Present",NULL
67001270,574981396,"2026-03-11","08:37:00","17:00:00",36,0,"6.88","Late",NULL
67001270,571741831,"2026-03-12","07:57:00","17:00:00",0,0,"7.50","Present",NULL
67001270,574105364,"2026-03-13","07:54:00","17:00:00",0,0,"7.50","Present",NULL
67001270,576365552,"2026-03-16","07:43:00","17:00:00",0,0,"7.50","Present",NULL
67001270,575035044,"2026-03-17","08:00:00","17:00:00",0,0,"7.50","Present",NULL
67001270,574259068,"2026-03-18",NULL,NULL,0,0,"0.00","Absent","No Call, No Show"
67001270,578547206,"2026-03-19","07:48:00","17:00:00",0,0,"7.50","Present",NULL
67001270,579244090,"2026-03-23","07:58:00","17:00:00",0,0,"7.50","Present",NULL
67001270,579235121,"2026-03-24",NULL,NULL,0,0,"0.00","Absent","Vacation Leave"
67001270,573252150,"2026-03-25","08:35:00","17:00:00",34,0,"6.92","Late",NULL
67001270,575883217,"2026-03-26","08:45:00","17:00:00",44,0,"6.75","Late",NULL
67001270,572596262,"2026-03-27","07:59:00","17:00:00",0,0,"7.50","Present",NULL
67001270,578093928,"2026-03-30","08:17:00","17:00:00",16,0,"7.22","Late",NULL
67001270,576676507,"2026-03-31","08:26:00","17:00:00",25,0,"7.07","Late",NULL
67001978,574676491,"2026-03-02","07:44:00","17:00:00",0,0,"7.50","Present",NULL
67001978,572902131,"2026-03-03",NULL,NULL,0,0,"0.00","Absent","Sick Leave"
67001978,579966147,"2026-03-04",NULL,NULL,0,0,"0.00","Absent","No Call, No Show"
67001978,579727813,"2026-03-05","07:51:00","17:00:00",0,0,"7.50","Present",NULL
67001978,577112214,"2026-03-06","07:54:00","17:00:00",0,0,"7.50","Present",NULL
67001978,572449647,"2026-03-09","07:54:00","17:00:00",0,0,"7.50","Present",NULL
67001978,570763318,"2026-03-10","07:50:00","17:00:00",0,0,"7.50","Present",NULL
67001978,577189779,"2026-03-11",NULL,NULL,0,0,"0.00","Absent","Emergency Leave"
67001978,572255788,"2026-03-12","08:16:00","17:00:00",15,0,"7.23","Late",NULL
67001978,573126901,"2026-03-13",NULL,NULL,0,0,"0.00","Absent","Emergency Leave"
67001978,579850344,"2026-03-16","07:52:00","17:00:00",0,0,"7.50","Present",NULL
67001978,575412945,"2026-03-17","07:52:00","17:00:00",0,0,"7.50","Present",NULL
67001978,579553430,"2026-03-18","07:40:00","17:00:00",0,0,"7.50","Present",NULL
67001978,573442617,"2026-03-19","08:01:00","17:00:00",0,0,"7.48","Present",NULL
67001978,570730505,"2026-03-23","07:42:00","17:00:00",0,0,"7.50","Present",NULL
67001978,570475837,"2026-03-24","09:00:00","17:00:00",59,0,"6.50","Late",NULL
67001978,575925582,"2026-03-25","07:46:00","17:00:00",0,0,"7.50","Present",NULL
67001978,577315204,"2026-03-26","08:27:00","17:00:00",26,0,"7.05","Late",NULL
67001978,575422995,"2026-03-27","08:01:00","17:00:00",0,0,"7.48","Present",NULL
67001978,575795995,"2026-03-30","07:51:00","17:00:00",0,0,"7.50","Present",NULL
67001978,579180033,"2026-03-31","08:00:00","17:00:00",0,0,"7.50","Present",NULL
67001847,570451872,"2026-03-02","08:00:00","17:00:00",0,0,"7.50","Present",NULL
67001847,574093343,"2026-03-03","07:42:00","17:00:00",0,0,"7.50","Present",NULL
67001847,573368662,"2026-03-04","07:51:00","17:00:00",0,0,"7.50","Present",NULL
67001847,579168362,"2026-03-05","07:56:00","17:00:00",0,0,"7.50","Present",NULL
67001847,573858166,"2026-03-06",NULL,NULL,0,0,"0.00","Absent","Vacation Leave"
67001847,576301447,"2026-03-09","08:00:00","17:00:00",0,0,"7.50","Present",NULL
67001847,576220783,"2026-03-10","07:47:00","17:00:00",0,0,"7.50","Present",NULL
67001847,572884747,"2026-03-11","08:06:00","17:00:00",5,0,"7.40","Late",NULL
67001847,570863167,"2026-03-12","07:55:00","17:00:00",0,0,"7.50","Present",NULL
67001847,572606583,"2026-03-13","08:01:00","17:00:00",0,0,"7.48","Present",NULL
67001847,579016167,"2026-03-16","08:29:00","17:00:00",28,0,"7.02","Late",NULL
67001847,572032635,"2026-03-17","08:24:00","17:00:00",23,0,"7.10","Late",NULL
67001847,577692562,"2026-03-18","07:50:00","17:00:00",0,0,"7.50","Present",NULL
67001847,577615965,"2026-03-19","07:55:00","17:00:00",0,0,"7.50","Present",NULL
67001847,576015199,"2026-03-23","08:34:00","17:00:00",33,0,"6.93","Late",NULL
67001847,578042920,"2026-03-24","07:49:00","17:00:00",0,0,"7.50","Present",NULL
67001847,576625519,"2026-03-25","08:19:00","17:00:00",18,0,"7.18","Late",NULL
67001847,576233572,"2026-03-26","07:41:00","17:00:00",0,0,"7.50","Present",NULL
67001847,575053397,"2026-03-27","07:51:00","17:00:00",0,0,"7.50","Present",NULL
67001847,577796260,"2026-03-30","07:49:00","17:00:00",0,0,"7.50","Present",NULL
67001847,573313972,"2026-03-31","07:40:00","17:00:00",0,0,"7.50","Present",NULL
67001795,572994353,"2026-03-02","07:59:00","17:00:00",0,0,"7.50","Present",NULL
67001795,570289492,"2026-03-03","07:40:00","17:00:00",0,0,"7.50","Present",NULL
67001795,570172265,"2026-03-04","07:41:00","17:00:00",0,0,"7.50","Present",NULL
67001795,578260776,"2026-03-05","08:01:00","17:00:00",0,0,"7.48","Present",NULL
67001795,571576505,"2026-03-06","07:57:00","17:00:00",0,0,"7.50","Present",NULL
67001795,576453971,"2026-03-09","07:44:00","17:00:00",0,0,"7.50","Present",NULL
67001795,572115862,"2026-03-10","08:01:00","17:00:00",0,0,"7.48","Present",NULL
67001795,571221655,"2026-03-11","09:00:00","17:00:00",59,0,"6.50","Late",NULL
67001795,575835852,"2026-03-12","08:58:00","17:00:00",57,0,"6.53","Late",NULL
67001795,570218764,"2026-03-13","07:42:00","17:00:00",0,0,"7.50","Present",NULL
67001795,579363370,"2026-03-16","07:57:00","17:00:00",0,0,"7.50","Present",NULL
67001795,577415166,"2026-03-17","07:50:00","17:00:00",0,0,"7.50","Present",NULL
67001795,573094396,"2026-03-18","08:22:00","17:00:00",21,0,"7.13","Late",NULL
67001795,571257286,"2026-03-19","08:19:00","17:00:00",18,0,"7.18","Late",NULL
67001795,575165259,"2026-03-23","07:46:00","17:00:00",0,0,"7.50","Present",NULL
67001795,573213303,"2026-03-24",NULL,NULL,0,0,"0.00","Absent","Vacation Leave"
67001795,575188524,"2026-03-25","07:54:00","17:00:00",0,0,"7.50","Present",NULL
67001795,579657024,"2026-03-26","07:47:00","17:00:00",0,0,"7.50","Present",NULL
67001795,575586124,"2026-03-27","07:57:00","17:00:00",0,0,"7.50","Present",NULL
67001795,571670519,"2026-03-30","07:42:00","17:00:00",0,0,"7.50","Present",NULL
67001795,576283348,"2026-03-31",NULL,NULL,0,0,"0.00","Absent","No Call, No Show"
67001246,575196326,"2026-03-02",NULL,NULL,0,0,"0.00","Absent","Emergency Leave"
67001246,575902030,"2026-03-03",NULL,NULL,0,0,"0.00","Absent","Sick Leave"
67001246,578176108,"2026-03-04","08:01:00","17:00:00",0,0,"7.48","Present",NULL
67001246,578828634,"2026-03-05","08:01:00","17:00:00",0,0,"7.48","Present",NULL
67001246,579798595,"2026-03-06","07:58:00","17:00:00",0,0,"7.50","Present",NULL
67001246,574043606,"2026-03-09","08:43:00","17:00:00",42,0,"6.78","Late",NULL
67001246,574382453,"2026-03-10","07:42:00","17:00:00",0,0,"7.50","Present",NULL
67001246,579742972,"2026-03-11","07:59:00","17:00:00",0,0,"7.50","Present",NULL
67001246,579351759,"2026-03-12","08:01:00","17:00:00",0,0,"7.48","Present",NULL
67001246,576876513,"2026-03-13","07:49:00","17:00:00",0,0,"7.50","Present",NULL
67001246,571215643,"2026-03-16","07:59:00","17:00:00",0,0,"7.50","Present",NULL
67001246,573395142,"2026-03-17","07:52:00","17:00:00",0,0,"7.50","Present",NULL
67001246,578841651,"2026-03-18","08:53:00","17:00:00",52,0,"6.62","Late",NULL
67001246,579706712,"2026-03-19","08:45:00","17:00:00",44,0,"6.75","Late",NULL
67001246,570168641,"2026-03-23","08:01:00","17:00:00",0,0,"7.48","Present",NULL
67001246,577812108,"2026-03-24","07:50:00","17:00:00",0,0,"7.50","Present",NULL
67001246,575528281,"2026-03-25",NULL,NULL,0,0,"0.00","Absent","Sick Leave"
67001246,574179570,"2026-03-26","07:43:00","17:00:00",0,0,"7.50","Present",NULL
67001246,578352576,"2026-03-27","07:46:00","17:00:00",0,0,"7.50","Present",NULL
67001246,575301972,"2026-03-30","07:54:00","17:00:00",0,0,"7.50","Present",NULL
67001246,575204051,"2026-03-31","08:27:00","17:00:00",26,0,"7.05","Late",NULL
67001920,573189572,"2026-03-02","08:01:00","17:00:00",0,0,"7.48","Present",NULL
67001920,576026477,"2026-03-03","07:44:00","17:00:00",0,0,"7.50","Present",NULL
67001920,574241100,"2026-03-04","08:01:00","17:00:00",0,0,"7.48","Present",NULL
67001920,575675438,"2026-03-05","08:01:00","17:00:00",0,0,"7.48","Present",NULL
67001920,571184723,"2026-03-06","08:12:00","17:00:00",11,0,"7.30","Late",NULL
67001920,579630256,"2026-03-09","08:29:00","17:00:00",28,0,"7.02","Late",NULL
67001920,573520204,"2026-03-10","07:47:00","17:00:00",0,0,"7.50","Present",NULL
67001920,572415558,"2026-03-11","07:56:00","17:00:00",0,0,"7.50","Present",NULL
67001920,577968860,"2026-03-12","07:43:00","17:00:00",0,0,"7.50","Present",NULL
67001920,571534501,"2026-03-13","07:42:00","17:00:00",0,0,"7.50","Present",NULL
67001920,570058217,"2026-03-16","08:12:00","17:00:00",11,0,"7.30","Late",NULL
67001920,578012571,"2026-03-17","07:48:00","17:00:00",0,0,"7.50","Present",NULL
67001920,577603620,"2026-03-18","07:57:00","17:00:00",0,0,"7.50","Present",NULL
67001920,572912679,"2026-03-19",NULL,NULL,0,0,"0.00","Absent","Sick Leave"
67001920,570663527,"2026-03-23","07:48:00","17:00:00",0,0,"7.50","Present",NULL
67001920,579220043,"2026-03-24","08:21:00","17:00:00",20,0,"7.15","Late",NULL
67001920,574766595,"2026-03-25","07:58:00","17:00:00",0,0,"7.50","Present",NULL
67001920,570105816,"2026-03-26","08:52:00","17:00:00",51,0,"6.63","Late",NULL
67001920,575137903,"2026-03-27",NULL,NULL,0,0,"0.00","Absent","No Call, No Show"
67001920,579251109,"2026-03-30","07:47:00","17:00:00",0,0,"7.50","Present",NULL
67001920,570788990,"2026-03-31",NULL,NULL,0,0,"0.00","Absent","No Call, No Show"
